
. 
. *============================*
. * PACKAGE INSTALLATION       *
. *============================*
. local packages ftools reghdfe estout coefplot parmest

. foreach pkg of local packages {
  2.     cap which `pkg'
  3.     if _rc ssc install `pkg', replace
  4. }

. 
. *============================*
. *       LOAD DATA            *
. *============================*
. local regions molise basilicata

. local first = 1

. foreach r of local regions {
  2.     if `first' {
  3.         use "Data/non_derived/`r'.dta", clear
  4.         local first = 0
  5.     }
  6.     else append using "Data/non_derived/`r'.dta"
  7. }
(Written by R.              )
(variable date_end was int, now float to accommodate using data's values)
(label type already defined)
(label sector_firm already defined)
(label firm_dimension already defined)
(label firm_position already defined)
(label region_res already defined)
(label gender already defined)
(label qualification already defined)
(label type_contract already defined)
(label part_time already defined)
(label reason_end2 already defined)

. 
. *============================*
. *  DATA CLEANING & ENGINEERING *
. *============================*
. 
. keep id_worker year gender type wage contract_type sector_12cat region_res year_birth

. 
. destring region_res, replace
region_res already numeric; no replace

. 
. * For each worker, find their region (use mode in case of moves)
. bysort id_worker: egen region_filled = mode(region_res), maxmode
warning: For at least one group, region_res contains all missing values. Generating missing values for the modes in these groups. Use
         option missing to treat missing values as a category.
(6,563 missing values generated)

. replace region_res = region_filled if missing(region_res)
(391,428 real changes made)

. drop region_filled

. 
. * Verify the fix
. di _n "=== VERIFY: Unemployed workers now have region ===" _n

=== VERIFY: Unemployed workers now have region ===


. tab type region_res if type == 4

                  |  Region of residence
             type | Basilicat     Molise |     Total
------------------+----------------------+----------
     Non employed |   257,085    134,343 |   391,428 
------------------+----------------------+----------
            Total |   257,085    134,343 |   391,428 

. 
. *--- Treatment Variables ---*
. gen byte treat_quake = (region_res == 12)

. label var treat_quake "Molise resident"

. 
. *--- Wage Processing ---*
. destring wage, replace force
wage already numeric; no replace

. label var wage "Annual wage (€)"

. 
. *--- Log wage (create early for use throughout) ---*
. gen double lnwage = ln(wage + 1)
(397,991 missing values generated)

. label var lnwage "Log(wage + 1)"

. 
. *--- Employment Indicator ---*
. gen byte employed = (wage > 0 & !missing(wage)) | (type != 4 & !missing(type))

. replace employed = . if missing(wage) & missing(type)
(0 real changes made)

. label var employed "Any employment"

. 
. *--- Cohort Filtering ---*
. preserve

. keep if inlist(year, 1999, 2000, 2001, 2002) & employed == 1
(802,540 observations deleted)

. keep id_worker

. duplicates drop

Duplicates in terms of all variables

(35,047 observations deleted)

. di "Cohort size: " _N
Cohort size: 16457

. tempfile cohort_workers

. save `cohort_workers'
file /var/folders/yt/tw36rldj4vj59zcpt_d9sjww0000gn/T//S_26055.000002 saved as .dta format

. restore

. 
. merge m:1 id_worker using `cohort_workers', keep(match) nogen

    Result                      Number of obs
    -----------------------------------------
    Not matched                             0
    Matched                           484,601  
    -----------------------------------------

. keep if inrange(year, 2000, 2004)
(404,957 observations deleted)

. 
. *--- Post-treatment indicator ---*
. gen byte post_quake = (year >= 2003)

. label var post_quake "Post 2003"

. 
. gen rel_year = year - 2002

. label var rel_year "Year - 2002"

. 
. *--- Age calculation and age groups ---*
. gen age = year - year_birth

. label var age "Age in given year"

. 
. gen byte age_group = .
(79,644 missing values generated)

. replace age_group = 1 if age <= 34 & !missing(age)
(32,905 real changes made)

. replace age_group = 2 if age >= 35 & age <= 55 & !missing(age)
(42,758 real changes made)

. replace age_group = 3 if age >= 56 & !missing(age)
(3,981 real changes made)

. 
. label define age_grp 1 "≤34" 2 "35-55" 3 "≥56"

. label values age_group age_grp

. label var age_group "Age group"

. 
. *--- Worker-level average wage ---*
. bysort id_worker: egen avg_wage_worker = mean(wage)
(2,015 missing values generated)

. label var avg_wage_worker "Worker-level average wage"

. 
. *--- Worker-level Income Category ---*
. gen byte income_category_worker = .
(79,644 missing values generated)

. replace income_category_worker = 1 if avg_wage_worker < 28000 & !missing(avg_wage_worker)
(72,714 real changes made)

. replace income_category_worker = 2 if avg_wage_worker >= 28000 & avg_wage_worker <= 50000
(3,848 real changes made)

. replace income_category_worker = 3 if avg_wage_worker > 50000 & !missing(avg_wage_worker)
(1,067 real changes made)

. 
. label define inc_cat_w 1 "Low" 2 "Medium" 3 "High"

. label values income_category_worker inc_cat_w

. label var income_category_worker "Income category (worker avg)"

. 
. *--- Current Income Category ---*
. gen byte income_category = .
(79,644 missing values generated)

. replace income_category = 1 if wage < 28000 & !missing(wage)
(59,648 real changes made)

. replace income_category = 2 if inrange(wage, 28000, 50000)
(4,233 real changes made)

. replace income_category = 3 if wage > 50000
(15,763 real changes made)

. 
. label define inc3 1 "Low" 2 "Medium" 3 "High"

. label values income_category inc3

. label var income_category "Income category (current year)"

. 
. *--- Baseline Income ---*
. gen byte pre = (post_quake == 0)

. bys id_worker: egen pre_last_year = max(year) if pre
(31,407 missing values generated)

. gen double baseline_wage = wage if year == pre_last_year
(65,722 missing values generated)

. bys id_worker: egen baseline_wage_final = max(baseline_wage)
(11,569 missing values generated)

. drop baseline_wage pre pre_last_year

. rename baseline_wage_final baseline_wage

. label var baseline_wage "Baseline wage (last pre-quake year)"

. 
. gen byte base_inc = 1 if baseline_wage < 28000 & !missing(baseline_wage)
(16,721 missing values generated)

. replace base_inc = 2 if inrange(baseline_wage, 28000, 50000)
(4,059 real changes made)

. replace base_inc = 3 if baseline_wage > 50000 & !missing(baseline_wage)
(1,093 real changes made)

. 
. gen byte base_inc4 = cond(missing(base_inc), 4, base_inc)

. label define baseinc4 1 "Low (pre)" 2 "Med (pre)" 3 "High (pre)" 4 "Unknown (pre)"

. label values base_inc4 baseinc4

. label var base_inc4 "Baseline income (4 cats incl. Unknown)"

. 
. *--- Employment Type Dummies ---*
. gen byte y_private = (type == 1) if !missing(type)

. gen byte y_public  = (type == 2) if !missing(type)

. gen byte y_self    = (type == 3) if !missing(type)

. 
. label var y_private "Private employment (Pr)"

. label var y_public  "Public employment (Pr)"

. label var y_self    "Self-employment (Pr)"

. 
. *--- Labels ---*
. label define trt 0 "Control" 1 "Molise"

. label values treat_quake trt

. 
. 
. *============================*
. *  BASELINE TRAJECTORY PLOTS *
. *============================*
. 
. *--- Overall: Employment, Wage, and Log Wage (Δ vs 2000) ---*
. preserve

. keep year treat_quake employed wage lnwage

. drop if missing(year) | missing(treat_quake)
(0 observations deleted)

. collapse (mean) mean_emp=employed mean_wage=wage mean_lnwage=lnwage, by(treat_quake year)

. 
. * Use 2000 as baseline
. bys treat_quake: egen base_emp = total(mean_emp * (year==2000))

. bys treat_quake: egen base_wage = total(mean_wage * (year==2000))

. bys treat_quake: egen base_lnwage = total(mean_lnwage * (year==2000))

. 
. gen mean_emp_rel = mean_emp - base_emp

. gen mean_wage_rel = mean_wage - base_wage

. gen mean_lnwage_rel = mean_lnwage - base_lnwage

. 
. twoway ///
>  (line mean_emp_rel year if treat_quake==0, lcolor(blue) m(o)) ///
>  (line mean_emp_rel year if treat_quake==1, lcolor(red) m(o)), ///
>  ytitle("Employment Rate (Δ vs 2000)") xtitle("Year") ///
>  xline(2002.5, lpattern(dash) lcolor(black)) ///
>  legend(order(1 "Control" 2 "Molise") pos(6) rows(1)) ///
>  title("Parallel Trends: Employment") ///
>  xlabel(2000(1)2004) ///
>  name(g_emp, replace)

. 
. twoway ///
>  (line mean_wage_rel year if treat_quake==0, lcolor(blue) m(o)) ///
>  (line mean_wage_rel year if treat_quake==1, lcolor(red) m(o)), ///
>  ytitle("Wage (Δ vs 2000, €)") xtitle("Year") ///
>  xline(2002.5, lpattern(dash) lcolor(black)) ///
>  legend(order(1 "Control" 2 "Molise") pos(6) rows(1)) ///
>  title("Parallel Trends: Wage") ///
>  xlabel(2000(1)2004) ///
>  name(g_wage, replace)

. 
. twoway ///
>  (line mean_lnwage_rel year if treat_quake==0, lcolor(blue) m(o)) ///
>  (line mean_lnwage_rel year if treat_quake==1, lcolor(red) m(o)), ///
>  ytitle("Log(Wage) (Δ vs 2000)") xtitle("Year") ///
>  xline(2002.5, lpattern(dash) lcolor(black)) ///
>  legend(order(1 "Control" 2 "Molise") pos(6) rows(1)) ///
>  title("Parallel Trends: Log Wage") ///
>  xlabel(2000(1)2004) ///
>  name(g_lnwage, replace)

. 
. graph combine g_emp g_wage g_lnwage, rows(3) imargin(tiny)

. graph export "$OUT/traj_overall_all_outcomes.png", replace
file /Users/vittoriogaravelli/GitHub/GitHub/ERMDA-30464_GP/output/traj_overall_all_outcomes.png saved as PNG format

. restore

. 
. *--- By employment type: Private/Public/Self ---*
. foreach k in 1 2 3 {
  2.     if `k'==1 local kname "private"
  3.     if `k'==2 local kname "public"
  4.     if `k'==3 local kname "self"
  5.     
.     preserve
  6.     keep year treat_quake employed wage lnwage type
  7.     drop if missing(year) | missing(treat_quake)
  8.     gen emp_`kname' = (type==`k')
  9.     gen wage_`kname' = wage if type==`k'
 10.     gen lnwage_`kname' = lnwage if type==`k'
 11.     collapse (mean) mean_emp=emp_`kname' mean_wage=wage_`kname' mean_lnwage=lnwage_`kname', by(treat_quake year)
 12.     bys treat_quake: egen base_emp = total(mean_emp * (year==2001))
 13.     bys treat_quake: egen base_wage = total(mean_wage * (year==2001))
 14.     bys treat_quake: egen base_lnwage = total(mean_lnwage * (year==2001))
 15.     gen mean_emp_rel = mean_emp - base_emp
 16.     gen mean_wage_rel = mean_wage - base_wage
 17.     gen mean_lnwage_rel = mean_lnwage - base_lnwage
 18.     local K = proper("`kname'")
 19.     
.     #delimit ;
delimiter now ;
.     twoway (line mean_emp_rel year if treat_quake==0, msymbol(o))
>            (line mean_emp_rel year if treat_quake==1, msymbol(o)),
>            ytitle("Employment (Δ vs 2001)") xtitle("Year")
>            xline(2002, lpattern(dash))
>            legend(order(1 "Control" 2 "Molise"))
>            title("Parallel Trends: `K' Employment")
>            name("g_emp_`kname'", replace) ;
 20.     twoway (line mean_wage_rel year if treat_quake==0, msymbol(o))
>            (line mean_wage_rel year if treat_quake==1, msymbol(o)),
>            ytitle("Wage (Δ vs 2001, €)") xtitle("Year")
>            xline(2002, lpattern(dash))
>            legend(order(1 "Control" 2 "Molise"))
>            title("Parallel Trends: `K' Wage")
>            name("g_wage_`kname'", replace) ;
 21.     graph combine g_emp_`kname' g_wage_`kname', rows(2) imargin(tiny) ;
 22.     graph export "$OUT/traj_`kname'_emp_wage.png", replace ;
 23.     #delimit cr
delimiter now cr
.     restore
 24. }
(0 observations deleted)
(31,505 missing values generated)
(31,505 missing values generated)
file /Users/vittoriogaravelli/GitHub/GitHub/ERMDA-30464_GP/output/traj_private_emp_wage.png saved as PNG format
(0 observations deleted)
(70,535 missing values generated)
(70,535 missing values generated)
file /Users/vittoriogaravelli/GitHub/GitHub/ERMDA-30464_GP/output/traj_public_emp_wage.png saved as PNG format
(0 observations deleted)
(71,935 missing values generated)
(71,935 missing values generated)
file /Users/vittoriogaravelli/GitHub/GitHub/ERMDA-30464_GP/output/traj_self_emp_wage.png saved as PNG format

. 
. *============================*
. *    REGRESSION ANALYSES     *
. *============================*
. local outcomes employed wage lnwage

. local absorb_spec absorb(year region_res) vce(cluster id_worker)

. 
. // (A) Main DiD - All three outcomes
. foreach y of local outcomes {
  2.     qui count if !missing(`y')
  3.     if r(N) > 0 {
  4.         eststo A_`y': reghdfe `y' i.post_quake##i.treat_quake, `absorb_spec'
  5.         estadd local model "A: Main DiD", replace
  6.         estadd local depvar "`y'", replace
  7.     }
  8. }
(MWFE estimator converged in 3 iterations)
note: 1bn.post_quake is probably collinear with the fixed effects (all partialled-out values are close to zero; tol = 1.0e-09)
note: 1bn.treat_quake is probably collinear with the fixed effects (all partialled-out values are close to zero; tol = 1.0e-09)

HDFE Linear regression                            Number of obs   =     79,644
Absorbing 2 HDFE groups                           F(   1,  16346) =       1.29
Statistics robust to heteroskedasticity           Prob > F        =     0.2562
                                                  R-squared       =     0.0043
                                                  Adj R-squared   =     0.0042
                                                  Within R-sq.    =     0.0000
Number of clusters (id_worker) =     16,347       Root MSE        =     0.3870

                                   (Std. err. adjusted for 16,347 clusters in id_worker)
----------------------------------------------------------------------------------------
                       |               Robust
              employed | Coefficient  std. err.      t    P>|t|     [95% conf. interval]
-----------------------+----------------------------------------------------------------
          1.post_quake |          0  (omitted)
                       |
           treat_quake |
               Molise  |          0  (omitted)
                       |
post_quake#treat_quake |
             1#Molise  |   -.006029   .0053093    -1.14   0.256    -.0164358    .0043779
                       |
                 _cons |   .8164301   .0022766   358.61   0.000     .8119676    .8208926
----------------------------------------------------------------------------------------

Absorbed degrees of freedom:
-----------------------------------------------------+
 Absorbed FE | Categories  - Redundant  = Num. Coefs |
-------------+---------------------------------------|
        year |         5           0           5     |
  region_res |         2           1           1     |
-----------------------------------------------------+

added macro:
              e(model) : "A: Main DiD"

added macro:
             e(depvar) : "employed"
(MWFE estimator converged in 3 iterations)
note: 1bn.post_quake is probably collinear with the fixed effects (all partialled-out values are close to zero; tol = 1.0e-09)
note: 1bn.treat_quake is probably collinear with the fixed effects (all partialled-out values are close to zero; tol = 1.0e-09)

HDFE Linear regression                            Number of obs   =     64,957
Absorbing 2 HDFE groups                           F(   1,  15890) =       0.48
Statistics robust to heteroskedasticity           Prob > F        =     0.4893
                                                  R-squared       =     0.0075
                                                  Adj R-squared   =     0.0074
                                                  Within R-sq.    =     0.0000
Number of clusters (id_worker) =     15,891       Root MSE        = 11497.9830

                                   (Std. err. adjusted for 15,891 clusters in id_worker)
----------------------------------------------------------------------------------------
                       |               Robust
                  wage | Coefficient  std. err.      t    P>|t|     [95% conf. interval]
-----------------------+----------------------------------------------------------------
          1.post_quake |          0  (omitted)
                       |
           treat_quake |
               Molise  |          0  (omitted)
                       |
post_quake#treat_quake |
             1#Molise  |   78.25945   113.1877     0.69   0.489    -143.6012    300.1201
                       |
                 _cons |      15173   90.64211   167.39   0.000     14995.33    15350.67
----------------------------------------------------------------------------------------

Absorbed degrees of freedom:
-----------------------------------------------------+
 Absorbed FE | Categories  - Redundant  = Num. Coefs |
-------------+---------------------------------------|
        year |         5           0           5     |
  region_res |         2           1           1     |
-----------------------------------------------------+

added macro:
              e(model) : "A: Main DiD"

added macro:
             e(depvar) : "wage"
(MWFE estimator converged in 3 iterations)
note: 1bn.post_quake is probably collinear with the fixed effects (all partialled-out values are close to zero; tol = 1.0e-09)
note: 1bn.treat_quake is probably collinear with the fixed effects (all partialled-out values are close to zero; tol = 1.0e-09)

HDFE Linear regression                            Number of obs   =     64,957
Absorbing 2 HDFE groups                           F(   1,  15890) =       0.61
Statistics robust to heteroskedasticity           Prob > F        =     0.4354
                                                  R-squared       =     0.0075
                                                  Adj R-squared   =     0.0074
                                                  Within R-sq.    =     0.0000
Number of clusters (id_worker) =     15,891       Root MSE        =     1.0766

                                   (Std. err. adjusted for 15,891 clusters in id_worker)
----------------------------------------------------------------------------------------
                       |               Robust
                lnwage | Coefficient  std. err.      t    P>|t|     [95% conf. interval]
-----------------------+----------------------------------------------------------------
          1.post_quake |          0  (omitted)
                       |
           treat_quake |
               Molise  |          0  (omitted)
                       |
post_quake#treat_quake |
             1#Molise  |  -.0111534   .0142979    -0.78   0.435    -.0391789    .0168722
                       |
                 _cons |   9.273809   .0071344  1299.87   0.000     9.259825    9.287794
----------------------------------------------------------------------------------------

Absorbed degrees of freedom:
-----------------------------------------------------+
 Absorbed FE | Categories  - Redundant  = Num. Coefs |
-------------+---------------------------------------|
        year |         5           0           5     |
  region_res |         2           1           1     |
-----------------------------------------------------+

added macro:
              e(model) : "A: Main DiD"

added macro:
             e(depvar) : "lnwage"

. 
. // (B) Employment type heterogeneity
. // B1: Type-specific employment rates
. foreach y in y_private y_public y_self {
  2.     eststo B1_`y': reghdfe `y' i.treat_quake##i.post_quake, `absorb_spec'
  3.     estadd local model "B1: Type-specific employment", replace
  4.     estadd local depvar "`y'", replace
  5. }
(MWFE estimator converged in 3 iterations)
note: 1bn.treat_quake is probably collinear with the fixed effects (all partialled-out values are close to zero; tol = 1.0e-09)
note: 1bn.post_quake is probably collinear with the fixed effects (all partialled-out values are close to zero; tol = 1.0e-09)

HDFE Linear regression                            Number of obs   =     79,644
Absorbing 2 HDFE groups                           F(   1,  16346) =       2.28
Statistics robust to heteroskedasticity           Prob > F        =     0.1308
                                                  R-squared       =     0.0025
                                                  Adj R-squared   =     0.0024
                                                  Within R-sq.    =     0.0000
Number of clusters (id_worker) =     16,347       Root MSE        =     0.4884

                                   (Std. err. adjusted for 16,347 clusters in id_worker)
----------------------------------------------------------------------------------------
                       |               Robust
             y_private | Coefficient  std. err.      t    P>|t|     [95% conf. interval]
-----------------------+----------------------------------------------------------------
           treat_quake |
               Molise  |          0  (omitted)
          1.post_quake |          0  (omitted)
                       |
treat_quake#post_quake |
             Molise#1  |  -.0081415   .0053876    -1.51   0.131    -.0187017    .0024188
                       |
                 _cons |   .6055591   .0033085   183.03   0.000      .599074    .6120442
----------------------------------------------------------------------------------------

Absorbed degrees of freedom:
-----------------------------------------------------+
 Absorbed FE | Categories  - Redundant  = Num. Coefs |
-------------+---------------------------------------|
        year |         5           0           5     |
  region_res |         2           1           1     |
-----------------------------------------------------+

added macro:
              e(model) : "B1: Type-specific employment"

added macro:
             e(depvar) : "y_private"
(MWFE estimator converged in 3 iterations)
note: 1bn.treat_quake is probably collinear with the fixed effects (all partialled-out values are close to zero; tol = 1.0e-09)
note: 1bn.post_quake is probably collinear with the fixed effects (all partialled-out values are close to zero; tol = 1.0e-09)

HDFE Linear regression                            Number of obs   =     79,644
Absorbing 2 HDFE groups                           F(   1,  16346) =       3.60
Statistics robust to heteroskedasticity           Prob > F        =     0.0577
                                                  R-squared       =     0.0002
                                                  Adj R-squared   =     0.0001
                                                  Within R-sq.    =     0.0000
Number of clusters (id_worker) =     16,347       Root MSE        =     0.3182

                                   (Std. err. adjusted for 16,347 clusters in id_worker)
----------------------------------------------------------------------------------------
                       |               Robust
              y_public | Coefficient  std. err.      t    P>|t|     [95% conf. interval]
-----------------------+----------------------------------------------------------------
           treat_quake |
               Molise  |          0  (omitted)
          1.post_quake |          0  (omitted)
                       |
treat_quake#post_quake |
             Molise#1  |   .0034021   .0017927     1.90   0.058    -.0001118     .006916
                       |
                 _cons |   .1138985   .0024324    46.83   0.000     .1091306    .1186663
----------------------------------------------------------------------------------------

Absorbed degrees of freedom:
-----------------------------------------------------+
 Absorbed FE | Categories  - Redundant  = Num. Coefs |
-------------+---------------------------------------|
        year |         5           0           5     |
  region_res |         2           1           1     |
-----------------------------------------------------+

added macro:
              e(model) : "B1: Type-specific employment"

added macro:
             e(depvar) : "y_public"
(MWFE estimator converged in 3 iterations)
note: 1bn.treat_quake is probably collinear with the fixed effects (all partialled-out values are close to zero; tol = 1.0e-09)
note: 1bn.post_quake is probably collinear with the fixed effects (all partialled-out values are close to zero; tol = 1.0e-09)

HDFE Linear regression                            Number of obs   =     79,644
Absorbing 2 HDFE groups                           F(   1,  16346) =       0.16
Statistics robust to heteroskedasticity           Prob > F        =     0.6858
                                                  R-squared       =     0.0011
                                                  Adj R-squared   =     0.0011
                                                  Within R-sq.    =     0.0000
Number of clusters (id_worker) =     16,347       Root MSE        =     0.2955

                                   (Std. err. adjusted for 16,347 clusters in id_worker)
----------------------------------------------------------------------------------------
                       |               Robust
                y_self | Coefficient  std. err.      t    P>|t|     [95% conf. interval]
-----------------------+----------------------------------------------------------------
           treat_quake |
               Molise  |          0  (omitted)
          1.post_quake |          0  (omitted)
                       |
treat_quake#post_quake |
             Molise#1  |  -.0012896   .0031876    -0.40   0.686    -.0075376    .0049584
                       |
                 _cons |   .0969725   .0021018    46.14   0.000     .0928528    .1010923
----------------------------------------------------------------------------------------

Absorbed degrees of freedom:
-----------------------------------------------------+
 Absorbed FE | Categories  - Redundant  = Num. Coefs |
-------------+---------------------------------------|
        year |         5           0           5     |
  region_res |         2           1           1     |
-----------------------------------------------------+

added macro:
              e(model) : "B1: Type-specific employment"

added macro:
             e(depvar) : "y_self"

. 
. // B2: Wages by employment type
. foreach k in 1 2 3 {
  2.     if `k'==1 local kname "private"
  3.     if `k'==2 local kname "public"
  4.     if `k'==3 local kname "self"
  5.     
.     foreach y in employed wage lnwage {
  6.         eststo B2_`y'_`kname': reghdfe `y' i.treat_quake##i.post_quake if type==`k', `absorb_spec'
  7.         estadd local model "B2: Within `kname'", replace
  8.         estadd local depvar "`y'", replace
  9.     }
 10. }
(MWFE estimator converged in 3 iterations)
warning: dependent variable employed is likely perfectly explained by the fixed effects (tol = 1.0e-09)
note: 1bn.treat_quake is probably collinear with the fixed effects (all partialled-out values are close to zero; tol = 1.0e-09)
note: 1bn.post_quake is probably collinear with the fixed effects (all partialled-out values are close to zero; tol = 1.0e-09)
warning: missing F statistic; dropped variables due to collinearity or too few clusters

HDFE Linear regression                            Number of obs   =     48,139
Absorbing 2 HDFE groups                           F(   1,  12597) =          .
Statistics robust to heteroskedasticity           Prob > F        =          .
                                                  Root MSE        =     0.0000
Number of clusters (id_worker) =     12,598

                                   (Std. err. adjusted for 12,598 clusters in id_worker)
----------------------------------------------------------------------------------------
                       |               Robust
              employed | Coefficient  std. err.      t    P>|t|     [95% conf. interval]
-----------------------+----------------------------------------------------------------
           treat_quake |
               Molise  |          0  (omitted)
          1.post_quake |          0  (omitted)
                       |
treat_quake#post_quake |
             Molise#1  |          0  (omitted)
                       |
                 _cons |          1          .        .       .            .           .
----------------------------------------------------------------------------------------

Absorbed degrees of freedom:
-----------------------------------------------------+
 Absorbed FE | Categories  - Redundant  = Num. Coefs |
-------------+---------------------------------------|
        year |         5           0           5     |
  region_res |         2           1           1     |
-----------------------------------------------------+

added macro:
              e(model) : "B2: Within private"

added macro:
             e(depvar) : "employed"
(MWFE estimator converged in 3 iterations)
note: 1bn.treat_quake is probably collinear with the fixed effects (all partialled-out values are close to zero; tol = 1.0e-09)
note: 1bn.post_quake is probably collinear with the fixed effects (all partialled-out values are close to zero; tol = 1.0e-09)

HDFE Linear regression                            Number of obs   =     48,139
Absorbing 2 HDFE groups                           F(   1,  12597) =       1.97
Statistics robust to heteroskedasticity           Prob > F        =     0.1605
                                                  R-squared       =     0.0085
                                                  Adj R-squared   =     0.0084
                                                  Within R-sq.    =     0.0000
Number of clusters (id_worker) =     12,598       Root MSE        = 10276.1492

                                   (Std. err. adjusted for 12,598 clusters in id_worker)
----------------------------------------------------------------------------------------
                       |               Robust
                  wage | Coefficient  std. err.      t    P>|t|     [95% conf. interval]
-----------------------+----------------------------------------------------------------
           treat_quake |
               Molise  |          0  (omitted)
          1.post_quake |          0  (omitted)
                       |
treat_quake#post_quake |
             Molise#1  |   186.5499   132.9282     1.40   0.161    -74.00965    447.1095
                       |
                 _cons |   13701.53   91.94976   149.01   0.000     13521.29    13881.76
----------------------------------------------------------------------------------------

Absorbed degrees of freedom:
-----------------------------------------------------+
 Absorbed FE | Categories  - Redundant  = Num. Coefs |
-------------+---------------------------------------|
        year |         5           0           5     |
  region_res |         2           1           1     |
-----------------------------------------------------+

added macro:
              e(model) : "B2: Within private"

added macro:
             e(depvar) : "wage"
(MWFE estimator converged in 3 iterations)
note: 1bn.treat_quake is probably collinear with the fixed effects (all partialled-out values are close to zero; tol = 1.0e-09)
note: 1bn.post_quake is probably collinear with the fixed effects (all partialled-out values are close to zero; tol = 1.0e-09)

HDFE Linear regression                            Number of obs   =     48,139
Absorbing 2 HDFE groups                           F(   1,  12597) =       0.00
Statistics robust to heteroskedasticity           Prob > F        =     0.9541
                                                  R-squared       =     0.0097
                                                  Adj R-squared   =     0.0096
                                                  Within R-sq.    =     0.0000
Number of clusters (id_worker) =     12,598       Root MSE        =     1.0004

                                   (Std. err. adjusted for 12,598 clusters in id_worker)
----------------------------------------------------------------------------------------
                       |               Robust
                lnwage | Coefficient  std. err.      t    P>|t|     [95% conf. interval]
-----------------------+----------------------------------------------------------------
           treat_quake |
               Molise  |          0  (omitted)
          1.post_quake |          0  (omitted)
                       |
treat_quake#post_quake |
             Molise#1  |   .0008987   .0156037     0.06   0.954    -.0296868    .0314843
                       |
                 _cons |   9.181419   .0077128  1190.41   0.000     9.166301    9.196537
----------------------------------------------------------------------------------------

Absorbed degrees of freedom:
-----------------------------------------------------+
 Absorbed FE | Categories  - Redundant  = Num. Coefs |
-------------+---------------------------------------|
        year |         5           0           5     |
  region_res |         2           1           1     |
-----------------------------------------------------+

added macro:
              e(model) : "B2: Within private"

added macro:
             e(depvar) : "lnwage"
(MWFE estimator converged in 3 iterations)
warning: dependent variable employed is likely perfectly explained by the fixed effects (tol = 1.0e-09)
note: 1bn.treat_quake is probably collinear with the fixed effects (all partialled-out values are close to zero; tol = 1.0e-09)
note: 1bn.post_quake is probably collinear with the fixed effects (all partialled-out values are close to zero; tol = 1.0e-09)
warning: missing F statistic; dropped variables due to collinearity or too few clusters

HDFE Linear regression                            Number of obs   =      9,109
Absorbing 2 HDFE groups                           F(   1,   2141) =          .
Statistics robust to heteroskedasticity           Prob > F        =          .
                                                  Root MSE        =     0.0000
Number of clusters (id_worker) =      2,142

                                    (Std. err. adjusted for 2,142 clusters in id_worker)
----------------------------------------------------------------------------------------
                       |               Robust
              employed | Coefficient  std. err.      t    P>|t|     [95% conf. interval]
-----------------------+----------------------------------------------------------------
           treat_quake |
               Molise  |          0  (omitted)
          1.post_quake |          0  (omitted)
                       |
treat_quake#post_quake |
             Molise#1  |          0  (omitted)
                       |
                 _cons |          1          .        .       .            .           .
----------------------------------------------------------------------------------------

Absorbed degrees of freedom:
-----------------------------------------------------+
 Absorbed FE | Categories  - Redundant  = Num. Coefs |
-------------+---------------------------------------|
        year |         5           0           5     |
  region_res |         2           1           1     |
-----------------------------------------------------+

added macro:
              e(model) : "B2: Within public"

added macro:
             e(depvar) : "employed"
(MWFE estimator converged in 3 iterations)
note: 1bn.treat_quake is probably collinear with the fixed effects (all partialled-out values are close to zero; tol = 1.0e-09)
note: 1bn.post_quake is probably collinear with the fixed effects (all partialled-out values are close to zero; tol = 1.0e-09)

HDFE Linear regression                            Number of obs   =      9,109
Absorbing 2 HDFE groups                           F(   1,   2141) =       3.89
Statistics robust to heteroskedasticity           Prob > F        =     0.0488
                                                  R-squared       =     0.0152
                                                  Adj R-squared   =     0.0146
                                                  Within R-sq.    =     0.0001
Number of clusters (id_worker) =      2,142       Root MSE        = 14535.9179

                                    (Std. err. adjusted for 2,142 clusters in id_worker)
----------------------------------------------------------------------------------------
                       |               Robust
                  wage | Coefficient  std. err.      t    P>|t|     [95% conf. interval]
-----------------------+----------------------------------------------------------------
           treat_quake |
               Molise  |          0  (omitted)
          1.post_quake |          0  (omitted)
                       |
treat_quake#post_quake |
             Molise#1  |  -625.8433   317.4012    -1.97   0.049     -1248.29   -3.396437
                       |
                 _cons |   25453.67   314.9854    80.81   0.000     24835.97    26071.38
----------------------------------------------------------------------------------------

Absorbed degrees of freedom:
-----------------------------------------------------+
 Absorbed FE | Categories  - Redundant  = Num. Coefs |
-------------+---------------------------------------|
        year |         5           0           5     |
  region_res |         2           1           1     |
-----------------------------------------------------+

added macro:
              e(model) : "B2: Within public"

added macro:
             e(depvar) : "wage"
(MWFE estimator converged in 3 iterations)
note: 1bn.treat_quake is probably collinear with the fixed effects (all partialled-out values are close to zero; tol = 1.0e-09)
note: 1bn.post_quake is probably collinear with the fixed effects (all partialled-out values are close to zero; tol = 1.0e-09)

HDFE Linear regression                            Number of obs   =      9,109
Absorbing 2 HDFE groups                           F(   1,   2141) =       2.89
Statistics robust to heteroskedasticity           Prob > F        =     0.0890
                                                  R-squared       =     0.0083
                                                  Adj R-squared   =     0.0077
                                                  Within R-sq.    =     0.0003
Number of clusters (id_worker) =      2,142       Root MSE        =     1.2441

                                    (Std. err. adjusted for 2,142 clusters in id_worker)
----------------------------------------------------------------------------------------
                       |               Robust
                lnwage | Coefficient  std. err.      t    P>|t|     [95% conf. interval]
-----------------------+----------------------------------------------------------------
           treat_quake |
               Molise  |          0  (omitted)
          1.post_quake |          0  (omitted)
                       |
treat_quake#post_quake |
             Molise#1  |  -.0860612   .0505815    -1.70   0.089    -.1852552    .0131328
                       |
                 _cons |   9.890973   .0199752   495.16   0.000       9.8518    9.930146
----------------------------------------------------------------------------------------

Absorbed degrees of freedom:
-----------------------------------------------------+
 Absorbed FE | Categories  - Redundant  = Num. Coefs |
-------------+---------------------------------------|
        year |         5           0           5     |
  region_res |         2           1           1     |
-----------------------------------------------------+

added macro:
              e(model) : "B2: Within public"

added macro:
             e(depvar) : "lnwage"
(MWFE estimator converged in 3 iterations)
warning: dependent variable employed is likely perfectly explained by the fixed effects (tol = 1.0e-09)
note: 1bn.treat_quake is probably collinear with the fixed effects (all partialled-out values are close to zero; tol = 1.0e-09)
note: 1bn.post_quake is probably collinear with the fixed effects (all partialled-out values are close to zero; tol = 1.0e-09)
warning: missing F statistic; dropped variables due to collinearity or too few clusters

HDFE Linear regression                            Number of obs   =      7,709
Absorbing 2 HDFE groups                           F(   1,   2472) =          .
Statistics robust to heteroskedasticity           Prob > F        =          .
                                                  Root MSE        =     0.0000
Number of clusters (id_worker) =      2,473

                                    (Std. err. adjusted for 2,473 clusters in id_worker)
----------------------------------------------------------------------------------------
                       |               Robust
              employed | Coefficient  std. err.      t    P>|t|     [95% conf. interval]
-----------------------+----------------------------------------------------------------
           treat_quake |
               Molise  |          0  (omitted)
          1.post_quake |          0  (omitted)
                       |
treat_quake#post_quake |
             Molise#1  |          0  (omitted)
                       |
                 _cons |          1          .        .       .            .           .
----------------------------------------------------------------------------------------

Absorbed degrees of freedom:
-----------------------------------------------------+
 Absorbed FE | Categories  - Redundant  = Num. Coefs |
-------------+---------------------------------------|
        year |         5           0           5     |
  region_res |         2           1           1     |
-----------------------------------------------------+

added macro:
              e(model) : "B2: Within self"

added macro:
             e(depvar) : "employed"
(MWFE estimator converged in 3 iterations)
note: 1bn.treat_quake is probably collinear with the fixed effects (all partialled-out values are close to zero; tol = 1.0e-09)
note: 1bn.post_quake is probably collinear with the fixed effects (all partialled-out values are close to zero; tol = 1.0e-09)

HDFE Linear regression                            Number of obs   =      7,709
Absorbing 2 HDFE groups                           F(   1,   2472) =       0.00
Statistics robust to heteroskedasticity           Prob > F        =     0.9563
                                                  R-squared       =     0.0061
                                                  Adj R-squared   =     0.0053
                                                  Within R-sq.    =     0.0000
Number of clusters (id_worker) =      2,473       Root MSE        =  7707.1697

                                    (Std. err. adjusted for 2,473 clusters in id_worker)
----------------------------------------------------------------------------------------
                       |               Robust
                  wage | Coefficient  std. err.      t    P>|t|     [95% conf. interval]
-----------------------+----------------------------------------------------------------
           treat_quake |
               Molise  |          0  (omitted)
          1.post_quake |          0  (omitted)
                       |
treat_quake#post_quake |
             Molise#1  |     16.612   303.3602     0.05   0.956    -578.2544    611.4784
                       |
                 _cons |   12258.59   157.0931    78.03   0.000     11950.54    12566.63
----------------------------------------------------------------------------------------

Absorbed degrees of freedom:
-----------------------------------------------------+
 Absorbed FE | Categories  - Redundant  = Num. Coefs |
-------------+---------------------------------------|
        year |         5           0           5     |
  region_res |         2           1           1     |
-----------------------------------------------------+

added macro:
              e(model) : "B2: Within self"

added macro:
             e(depvar) : "wage"
(MWFE estimator converged in 3 iterations)
note: 1bn.treat_quake is probably collinear with the fixed effects (all partialled-out values are close to zero; tol = 1.0e-09)
note: 1bn.post_quake is probably collinear with the fixed effects (all partialled-out values are close to zero; tol = 1.0e-09)

HDFE Linear regression                            Number of obs   =      7,709
Absorbing 2 HDFE groups                           F(   1,   2472) =       0.02
Statistics robust to heteroskedasticity           Prob > F        =     0.8850
                                                  R-squared       =     0.0080
                                                  Adj R-squared   =     0.0073
                                                  Within R-sq.    =     0.0000
Number of clusters (id_worker) =      2,473       Root MSE        =     1.0818

                                    (Std. err. adjusted for 2,473 clusters in id_worker)
----------------------------------------------------------------------------------------
                       |               Robust
                lnwage | Coefficient  std. err.      t    P>|t|     [95% conf. interval]
-----------------------+----------------------------------------------------------------
           treat_quake |
               Molise  |          0  (omitted)
          1.post_quake |          0  (omitted)
                       |
treat_quake#post_quake |
             Molise#1  |   .0064072   .0443004     0.14   0.885    -.0804626    .0932771
                       |
                 _cons |   9.121974   .0193306   471.89   0.000     9.084068     9.15988
----------------------------------------------------------------------------------------

Absorbed degrees of freedom:
-----------------------------------------------------+
 Absorbed FE | Categories  - Redundant  = Num. Coefs |
-------------+---------------------------------------|
        year |         5           0           5     |
  region_res |         2           1           1     |
-----------------------------------------------------+

added macro:
              e(model) : "B2: Within self"

added macro:
             e(depvar) : "lnwage"

. 
. // (D) Baseline income heterogeneity - All outcomes
. foreach y of local outcomes {
  2.     eststo D_`y'_pooled: reghdfe `y' i.treat_quake##i.post_quake##i.base_inc4, `absorb_spec'
  3.     estadd local model "D: Baseline income DDD", replace
  4.     estadd local depvar "`y'", replace
  5.     
.     forvalues c = 1/3 {
  6.         eststo D_`y'_bin`c': reghdfe `y' i.treat_quake##i.post_quake if base_inc == `c', `absorb_spec'
  7.         estadd local model "D: DiD within baseline bin `c'", replace
  8.         estadd local depvar "`y'", replace
  9.     }
 10. }
(MWFE estimator converged in 3 iterations)
note: 1bn.treat_quake is probably collinear with the fixed effects (all partialled-out values are close to zero; tol = 1.0e-09)
note: 1bn.post_quake is probably collinear with the fixed effects (all partialled-out values are close to zero; tol = 1.0e-09)

HDFE Linear regression                            Number of obs   =     79,644
Absorbing 2 HDFE groups                           F(  13,  16346) =    1119.91
Statistics robust to heteroskedasticity           Prob > F        =     0.0000
                                                  R-squared       =     0.2595
                                                  Adj R-squared   =     0.2594
                                                  Within R-sq.    =     0.2564
Number of clusters (id_worker) =     16,347       Root MSE        =     0.3338

                                             (Std. err. adjusted for 16,347 clusters in id_worker)
--------------------------------------------------------------------------------------------------
                                 |               Robust
                        employed | Coefficient  std. err.      t    P>|t|     [95% conf. interval]
---------------------------------+----------------------------------------------------------------
                     treat_quake |
                         Molise  |          0  (omitted)
                    1.post_quake |          0  (omitted)
                                 |
          treat_quake#post_quake |
                       Molise#1  |  -.0033552   .0056333    -0.60   0.551    -.0143971    .0076867
                                 |
                       base_inc4 |
                      Med (pre)  |   .0968905   .0043833    22.10   0.000     .0882988    .1054822
                     High (pre)  |   .0934803   .0068891    13.57   0.000      .079977    .1069837
                  Unknown (pre)  |  -.5203387    .006678   -77.92   0.000    -.5334282   -.5072492
                                 |
           treat_quake#base_inc4 |
               Molise#Med (pre)  |  -.0128275   .0074446    -1.72   0.085    -.0274198    .0017648
              Molise#High (pre)  |    -.00575   .0111789    -0.51   0.607    -.0276619    .0161619
           Molise#Unknown (pre)  |   .0044389   .0113389     0.39   0.695    -.0177867    .0266644
                                 |
            post_quake#base_inc4 |
                    1#Med (pre)  |  -.0029386   .0070947    -0.41   0.679    -.0168451    .0109678
                   1#High (pre)  |  -.0295447   .0158293    -1.87   0.062    -.0605719    .0014825
                1#Unknown (pre)  |  -.0607957   .0119429    -5.09   0.000    -.0842052   -.0373862
                                 |
treat_quake#post_quake#base_inc4 |
             Molise#1#Med (pre)  |  -.0072182   .0117204    -0.62   0.538    -.0301915     .015755
            Molise#1#High (pre)  |   .0262627   .0198882     1.32   0.187    -.0127204    .0652459
         Molise#1#Unknown (pre)  |  -.0196754   .0198937    -0.99   0.323    -.0586691    .0193184
                                 |
                           _cons |    .889499   .0018519   480.33   0.000     .8858691    .8931288
--------------------------------------------------------------------------------------------------

Absorbed degrees of freedom:
-----------------------------------------------------+
 Absorbed FE | Categories  - Redundant  = Num. Coefs |
-------------+---------------------------------------|
        year |         5           0           5     |
  region_res |         2           1           1     |
-----------------------------------------------------+

added macro:
              e(model) : "D: Baseline income DDD"

added macro:
             e(depvar) : "employed"
(MWFE estimator converged in 3 iterations)
note: 1bn.treat_quake is probably collinear with the fixed effects (all partialled-out values are close to zero; tol = 1.0e-09)
note: 1bn.post_quake is probably collinear with the fixed effects (all partialled-out values are close to zero; tol = 1.0e-09)

HDFE Linear regression                            Number of obs   =     62,923
Absorbing 2 HDFE groups                           F(   1,  12877) =       0.36
Statistics robust to heteroskedasticity           Prob > F        =     0.5482
                                                  R-squared       =     0.0445
                                                  Adj R-squared   =     0.0445
                                                  Within R-sq.    =     0.0000
Number of clusters (id_worker) =     12,878       Root MSE        =     0.3070

                                   (Std. err. adjusted for 12,878 clusters in id_worker)
----------------------------------------------------------------------------------------
                       |               Robust
              employed | Coefficient  std. err.      t    P>|t|     [95% conf. interval]
-----------------------+----------------------------------------------------------------
           treat_quake |
               Molise  |          0  (omitted)
          1.post_quake |          0  (omitted)
                       |
treat_quake#post_quake |
             Molise#1  |   -.003382   .0056318    -0.60   0.548    -.0144211    .0076571
                       |
                 _cons |    .889507   .0018516   480.39   0.000     .8858775    .8931364
----------------------------------------------------------------------------------------

Absorbed degrees of freedom:
-----------------------------------------------------+
 Absorbed FE | Categories  - Redundant  = Num. Coefs |
-------------+---------------------------------------|
        year |         5           0           5     |
  region_res |         2           1           1     |
-----------------------------------------------------+

added macro:
              e(model) : "D: DiD within baseline bin 1"

added macro:
             e(depvar) : "employed"
(MWFE estimator converged in 3 iterations)
note: 1bn.treat_quake is probably collinear with the fixed effects (all partialled-out values are close to zero; tol = 1.0e-09)
note: 1bn.post_quake is probably collinear with the fixed effects (all partialled-out values are close to zero; tol = 1.0e-09)

HDFE Linear regression                            Number of obs   =      4,059
Absorbing 2 HDFE groups                           F(   1,    822) =       1.06
Statistics robust to heteroskedasticity           Prob > F        =     0.3045
                                                  R-squared       =     0.0117
                                                  Adj R-squared   =     0.0103
                                                  Within R-sq.    =     0.0003
Number of clusters (id_worker) =        823       Root MSE        =     0.1433

                                      (Std. err. adjusted for 823 clusters in id_worker)
----------------------------------------------------------------------------------------
                       |               Robust
              employed | Coefficient  std. err.      t    P>|t|     [95% conf. interval]
-----------------------+----------------------------------------------------------------
           treat_quake |
               Molise  |          0  (omitted)
          1.post_quake |          0  (omitted)
                       |
treat_quake#post_quake |
             Molise#1  |  -.0105723   .0102899    -1.03   0.305    -.0307698    .0096251
                       |
                 _cons |   .9804613   .0030053   326.24   0.000     .9745622    .9863603
----------------------------------------------------------------------------------------

Absorbed degrees of freedom:
-----------------------------------------------------+
 Absorbed FE | Categories  - Redundant  = Num. Coefs |
-------------+---------------------------------------|
        year |         5           0           5     |
  region_res |         2           1           1     |
-----------------------------------------------------+

added macro:
              e(model) : "D: DiD within baseline bin 2"

added macro:
             e(depvar) : "employed"
(MWFE estimator converged in 3 iterations)
note: 1bn.treat_quake is probably collinear with the fixed effects (all partialled-out values are close to zero; tol = 1.0e-09)
note: 1bn.post_quake is probably collinear with the fixed effects (all partialled-out values are close to zero; tol = 1.0e-09)

HDFE Linear regression                            Number of obs   =      1,093
Absorbing 2 HDFE groups                           F(   1,    220) =       1.43
Statistics robust to heteroskedasticity           Prob > F        =     0.2336
                                                  R-squared       =     0.0124
                                                  Adj R-squared   =     0.0069
                                                  Within R-sq.    =     0.0011
Number of clusters (id_worker) =        221       Root MSE        =     0.1629

                                      (Std. err. adjusted for 221 clusters in id_worker)
----------------------------------------------------------------------------------------
                       |               Robust
              employed | Coefficient  std. err.      t    P>|t|     [95% conf. interval]
-----------------------+----------------------------------------------------------------
           treat_quake |
               Molise  |          0  (omitted)
          1.post_quake |          0  (omitted)
                       |
treat_quake#post_quake |
             Molise#1  |   .0228878    .019163     1.19   0.234    -.0148788    .0606544
                       |
                 _cons |   .9693069   .0069048   140.38   0.000     .9556989    .9829148
----------------------------------------------------------------------------------------

Absorbed degrees of freedom:
-----------------------------------------------------+
 Absorbed FE | Categories  - Redundant  = Num. Coefs |
-------------+---------------------------------------|
        year |         5           0           5     |
  region_res |         2           1           1     |
-----------------------------------------------------+

added macro:
              e(model) : "D: DiD within baseline bin 3"

added macro:
             e(depvar) : "employed"
(MWFE estimator converged in 3 iterations)
note: 1bn.treat_quake is probably collinear with the fixed effects (all partialled-out values are close to zero; tol = 1.0e-09)
note: 1bn.post_quake is probably collinear with the fixed effects (all partialled-out values are close to zero; tol = 1.0e-09)

HDFE Linear regression                            Number of obs   =     64,957
Absorbing 2 HDFE groups                           F(  13,  15890) =     806.64
Statistics robust to heteroskedasticity           Prob > F        =     0.0000
                                                  R-squared       =     0.5259
                                                  Adj R-squared   =     0.5258
                                                  Within R-sq.    =     0.5223
Number of clusters (id_worker) =     15,891       Root MSE        =  7947.4592

                                             (Std. err. adjusted for 15,891 clusters in id_worker)
--------------------------------------------------------------------------------------------------
                                 |               Robust
                            wage | Coefficient  std. err.      t    P>|t|     [95% conf. interval]
---------------------------------+----------------------------------------------------------------
                     treat_quake |
                         Molise  |          0  (omitted)
                    1.post_quake |          0  (omitted)
                                 |
          treat_quake#post_quake |
                       Molise#1  |  -1.607004   98.15672    -0.02   0.987    -194.0053    190.7913
                                 |
                       base_inc4 |
                      Med (pre)  |   18307.45   285.5541    64.11   0.000     17747.73    18867.16
                     High (pre)  |   54190.84   1559.039    34.76   0.000     51134.95    57246.73
                  Unknown (pre)  |  -5749.564   251.2001   -22.89   0.000    -6241.944   -5257.183
                                 |
           treat_quake#base_inc4 |
               Molise#Med (pre)  |   232.4863   461.6291     0.50   0.615    -672.3591    1137.332
              Molise#High (pre)  |  -4162.622   2403.551    -1.73   0.083    -8873.854    548.6102
           Molise#Unknown (pre)  |   80.25465   403.3328     0.20   0.842    -710.3234    870.8327
                                 |
            post_quake#base_inc4 |
                    1#Med (pre)  |   1437.078   341.1724     4.21   0.000     768.3413    2105.814
                   1#High (pre)  |   2585.325   1331.144     1.94   0.052    -23.86711    5194.517
                1#Unknown (pre)  |  -415.3806   363.5356    -1.14   0.253    -1127.952    297.1904
                                 |
treat_quake#post_quake#base_inc4 |
             Molise#1#Med (pre)  |   124.3165   550.0234     0.23   0.821    -953.7918    1202.425
            Molise#1#High (pre)  |   1652.288   1939.762     0.85   0.394    -2149.865    5454.441
         Molise#1#Unknown (pre)  |  -599.6178   603.4379    -0.99   0.320    -1782.424    583.1888
                                 |
                           _cons |    13503.8   59.25079   227.91   0.000     13387.66    13619.94
--------------------------------------------------------------------------------------------------

Absorbed degrees of freedom:
-----------------------------------------------------+
 Absorbed FE | Categories  - Redundant  = Num. Coefs |
-------------+---------------------------------------|
        year |         5           0           5     |
  region_res |         2           1           1     |
-----------------------------------------------------+

added macro:
              e(model) : "D: Baseline income DDD"

added macro:
             e(depvar) : "wage"
(MWFE estimator converged in 3 iterations)
note: 1bn.treat_quake is probably collinear with the fixed effects (all partialled-out values are close to zero; tol = 1.0e-09)
note: 1bn.post_quake is probably collinear with the fixed effects (all partialled-out values are close to zero; tol = 1.0e-09)

HDFE Linear regression                            Number of obs   =     55,941
Absorbing 2 HDFE groups                           F(   1,  12877) =       0.00
Statistics robust to heteroskedasticity           Prob > F        =     0.9997
                                                  R-squared       =     0.0145
                                                  Adj R-squared   =     0.0144
                                                  Within R-sq.    =     0.0000
Number of clusters (id_worker) =     12,878       Root MSE        =  7382.6213

                                   (Std. err. adjusted for 12,878 clusters in id_worker)
----------------------------------------------------------------------------------------
                       |               Robust
                  wage | Coefficient  std. err.      t    P>|t|     [95% conf. interval]
-----------------------+----------------------------------------------------------------
           treat_quake |
               Molise  |          0  (omitted)
          1.post_quake |          0  (omitted)
                       |
treat_quake#post_quake |
             Molise#1  |    .031782   98.19198     0.00   1.000     -192.439    192.5026
                       |
                 _cons |   13508.12   59.18985   228.22   0.000      13392.1    13624.14
----------------------------------------------------------------------------------------

Absorbed degrees of freedom:
-----------------------------------------------------+
 Absorbed FE | Categories  - Redundant  = Num. Coefs |
-------------+---------------------------------------|
        year |         5           0           5     |
  region_res |         2           1           1     |
-----------------------------------------------------+

added macro:
              e(model) : "D: DiD within baseline bin 1"

added macro:
             e(depvar) : "wage"
(MWFE estimator converged in 3 iterations)
note: 1bn.treat_quake is probably collinear with the fixed effects (all partialled-out values are close to zero; tol = 1.0e-09)
note: 1bn.post_quake is probably collinear with the fixed effects (all partialled-out values are close to zero; tol = 1.0e-09)

HDFE Linear regression                            Number of obs   =      3,973
Absorbing 2 HDFE groups                           F(   1,    822) =       0.05
Statistics robust to heteroskedasticity           Prob > F        =     0.8168
                                                  R-squared       =     0.0712
                                                  Adj R-squared   =     0.0698
                                                  Within R-sq.    =     0.0000
Number of clusters (id_worker) =        823       Root MSE        =  8734.1241

                                      (Std. err. adjusted for 823 clusters in id_worker)
----------------------------------------------------------------------------------------
                       |               Robust
                  wage | Coefficient  std. err.      t    P>|t|     [95% conf. interval]
-----------------------+----------------------------------------------------------------
           treat_quake |
               Molise  |          0  (omitted)
          1.post_quake |          0  (omitted)
                       |
treat_quake#post_quake |
             Molise#1  |   126.1823    544.549     0.23   0.817    -942.6879    1195.052
                       |
                 _cons |   32480.27    238.537   136.16   0.000     32012.06    32948.49
----------------------------------------------------------------------------------------

Absorbed degrees of freedom:
-----------------------------------------------------+
 Absorbed FE | Categories  - Redundant  = Num. Coefs |
-------------+---------------------------------------|
        year |         5           0           5     |
  region_res |         2           1           1     |
-----------------------------------------------------+

added macro:
              e(model) : "D: DiD within baseline bin 2"

added macro:
             e(depvar) : "wage"
(MWFE estimator converged in 3 iterations)
note: 1bn.treat_quake is probably collinear with the fixed effects (all partialled-out values are close to zero; tol = 1.0e-09)
note: 1bn.post_quake is probably collinear with the fixed effects (all partialled-out values are close to zero; tol = 1.0e-09)

HDFE Linear regression                            Number of obs   =      1,063
Absorbing 2 HDFE groups                           F(   1,    220) =       0.71
Statistics robust to heteroskedasticity           Prob > F        =     0.3992
                                                  R-squared       =     0.0511
                                                  Adj R-squared   =     0.0457
                                                  Within R-sq.    =     0.0003
Number of clusters (id_worker) =        221       Root MSE        = 20720.5860

                                      (Std. err. adjusted for 221 clusters in id_worker)
----------------------------------------------------------------------------------------
                       |               Robust
                  wage | Coefficient  std. err.      t    P>|t|     [95% conf. interval]
-----------------------+----------------------------------------------------------------
           treat_quake |
               Molise  |          0  (omitted)
          1.post_quake |          0  (omitted)
                       |
treat_quake#post_quake |
             Molise#1  |   1647.736   1950.505     0.84   0.399    -2196.331    5491.803
                       |
                 _cons |   67200.09   1180.749    56.91   0.000     64873.06    69527.11
----------------------------------------------------------------------------------------

Absorbed degrees of freedom:
-----------------------------------------------------+
 Absorbed FE | Categories  - Redundant  = Num. Coefs |
-------------+---------------------------------------|
        year |         5           0           5     |
  region_res |         2           1           1     |
-----------------------------------------------------+

added macro:
              e(model) : "D: DiD within baseline bin 3"

added macro:
             e(depvar) : "wage"
(MWFE estimator converged in 3 iterations)
note: 1bn.treat_quake is probably collinear with the fixed effects (all partialled-out values are close to zero; tol = 1.0e-09)
note: 1bn.post_quake is probably collinear with the fixed effects (all partialled-out values are close to zero; tol = 1.0e-09)

HDFE Linear regression                            Number of obs   =     64,957
Absorbing 2 HDFE groups                           F(  13,  15890) =    1233.96
Statistics robust to heteroskedasticity           Prob > F        =     0.0000
                                                  R-squared       =     0.1652
                                                  Adj R-squared   =     0.1649
                                                  Within R-sq.    =     0.1589
Number of clusters (id_worker) =     15,891       Root MSE        =     0.9874

                                             (Std. err. adjusted for 15,891 clusters in id_worker)
--------------------------------------------------------------------------------------------------
                                 |               Robust
                          lnwage | Coefficient  std. err.      t    P>|t|     [95% conf. interval]
---------------------------------+----------------------------------------------------------------
                     treat_quake |
                         Molise  |          0  (omitted)
                    1.post_quake |          0  (omitted)
                                 |
          treat_quake#post_quake |
                       Molise#1  |  -.0034966   .0143137    -0.24   0.807     -.031553    .0245598
                                 |
                       base_inc4 |
                      Med (pre)  |   1.138632    .014239    79.97   0.000     1.110722    1.166542
                     High (pre)  |   1.860917   .0416788    44.65   0.000     1.779222    1.942612
                  Unknown (pre)  |  -1.034147   .0413348   -25.02   0.000    -1.115168   -.9531264
                                 |
           treat_quake#base_inc4 |
               Molise#Med (pre)  |  -.0410962   .0292534    -1.40   0.160    -.0984363    .0162438
              Molise#High (pre)  |  -.0567474   .0546384    -1.04   0.299    -.1638448    .0503499
           Molise#Unknown (pre)  |   .0014738   .0694183     0.02   0.983    -.1345939    .1375415
                                 |
            post_quake#base_inc4 |
                    1#Med (pre)  |   -.091225    .018057    -5.05   0.000    -.1266187   -.0558313
                   1#High (pre)  |  -.0732185   .0384129    -1.91   0.057    -.1485121    .0020751
                1#Unknown (pre)  |   .1563742   .0582123     2.69   0.007     .0422714     .270477
                                 |
treat_quake#post_quake#base_inc4 |
             Molise#1#Med (pre)  |  -.0272098   .0375732    -0.72   0.469    -.1008576     .046438
            Molise#1#High (pre)  |  -.0446793   .0598012    -0.75   0.455    -.1618964    .0725377
         Molise#1#Unknown (pre)  |  -.1682254   .1027918    -1.64   0.102    -.3697089    .0332581
                                 |
                           _cons |   9.238299   .0069572  1327.88   0.000     9.224662    9.251936
--------------------------------------------------------------------------------------------------

Absorbed degrees of freedom:
-----------------------------------------------------+
 Absorbed FE | Categories  - Redundant  = Num. Coefs |
-------------+---------------------------------------|
        year |         5           0           5     |
  region_res |         2           1           1     |
-----------------------------------------------------+

added macro:
              e(model) : "D: Baseline income DDD"

added macro:
             e(depvar) : "lnwage"
(MWFE estimator converged in 3 iterations)
note: 1bn.treat_quake is probably collinear with the fixed effects (all partialled-out values are close to zero; tol = 1.0e-09)
note: 1bn.post_quake is probably collinear with the fixed effects (all partialled-out values are close to zero; tol = 1.0e-09)

HDFE Linear regression                            Number of obs   =     55,941
Absorbing 2 HDFE groups                           F(   1,  12877) =       0.06
Statistics robust to heteroskedasticity           Prob > F        =     0.8109
                                                  R-squared       =     0.0092
                                                  Adj R-squared   =     0.0091
                                                  Within R-sq.    =     0.0000
Number of clusters (id_worker) =     12,878       Root MSE        =     0.9792

                                   (Std. err. adjusted for 12,878 clusters in id_worker)
----------------------------------------------------------------------------------------
                       |               Robust
                lnwage | Coefficient  std. err.      t    P>|t|     [95% conf. interval]
-----------------------+----------------------------------------------------------------
           treat_quake |
               Molise  |          0  (omitted)
          1.post_quake |          0  (omitted)
                       |
treat_quake#post_quake |
             Molise#1  |  -.0034243   .0143114    -0.24   0.811    -.0314768    .0246281
                       |
                 _cons |   9.237599   .0069645  1326.39   0.000     9.223947     9.25125
----------------------------------------------------------------------------------------

Absorbed degrees of freedom:
-----------------------------------------------------+
 Absorbed FE | Categories  - Redundant  = Num. Coefs |
-------------+---------------------------------------|
        year |         5           0           5     |
  region_res |         2           1           1     |
-----------------------------------------------------+

added macro:
              e(model) : "D: DiD within baseline bin 1"

added macro:
             e(depvar) : "lnwage"
(MWFE estimator converged in 3 iterations)
note: 1bn.treat_quake is probably collinear with the fixed effects (all partialled-out values are close to zero; tol = 1.0e-09)
note: 1bn.post_quake is probably collinear with the fixed effects (all partialled-out values are close to zero; tol = 1.0e-09)

HDFE Linear regression                            Number of obs   =      3,973
Absorbing 2 HDFE groups                           F(   1,    822) =       0.81
Statistics robust to heteroskedasticity           Prob > F        =     0.3689
                                                  R-squared       =     0.0318
                                                  Adj R-squared   =     0.0303
                                                  Within R-sq.    =     0.0002
Number of clusters (id_worker) =        823       Root MSE        =     0.5364

                                      (Std. err. adjusted for 823 clusters in id_worker)
----------------------------------------------------------------------------------------
                       |               Robust
                lnwage | Coefficient  std. err.      t    P>|t|     [95% conf. interval]
-----------------------+----------------------------------------------------------------
           treat_quake |
               Molise  |          0  (omitted)
          1.post_quake |          0  (omitted)
                       |
treat_quake#post_quake |
             Molise#1  |  -.0314126   .0349402    -0.90   0.369    -.0999952      .03717
                       |
                 _cons |   10.32698   .0115365   895.16   0.000     10.30434    10.34963
----------------------------------------------------------------------------------------

Absorbed degrees of freedom:
-----------------------------------------------------+
 Absorbed FE | Categories  - Redundant  = Num. Coefs |
-------------+---------------------------------------|
        year |         5           0           5     |
  region_res |         2           1           1     |
-----------------------------------------------------+

added macro:
              e(model) : "D: DiD within baseline bin 2"

added macro:
             e(depvar) : "lnwage"
(MWFE estimator converged in 3 iterations)
note: 1bn.treat_quake is probably collinear with the fixed effects (all partialled-out values are close to zero; tol = 1.0e-09)
note: 1bn.post_quake is probably collinear with the fixed effects (all partialled-out values are close to zero; tol = 1.0e-09)

HDFE Linear regression                            Number of obs   =      1,063
Absorbing 2 HDFE groups                           F(   1,    220) =       0.69
Statistics robust to heteroskedasticity           Prob > F        =     0.4079
                                                  R-squared       =     0.0269
                                                  Adj R-squared   =     0.0214
                                                  Within R-sq.    =     0.0004
Number of clusters (id_worker) =        221       Root MSE        =     0.5493

                                      (Std. err. adjusted for 221 clusters in id_worker)
----------------------------------------------------------------------------------------
                       |               Robust
                lnwage | Coefficient  std. err.      t    P>|t|     [95% conf. interval]
-----------------------+----------------------------------------------------------------
           treat_quake |
               Molise  |          0  (omitted)
          1.post_quake |          0  (omitted)
                       |
treat_quake#post_quake |
             Molise#1  |  -.0485675   .0585788    -0.83   0.408     -.164015      .06688
                       |
                 _cons |   11.05054   .0218814   505.02   0.000     11.00741    11.09366
----------------------------------------------------------------------------------------

Absorbed degrees of freedom:
-----------------------------------------------------+
 Absorbed FE | Categories  - Redundant  = Num. Coefs |
-------------+---------------------------------------|
        year |         5           0           5     |
  region_res |         2           1           1     |
-----------------------------------------------------+

added macro:
              e(model) : "D: DiD within baseline bin 3"

added macro:
             e(depvar) : "lnwage"

. 
. // (E) Current income category - All outcomes
. foreach y of local outcomes {
  2.     eststo E_`y'_pooled: reghdfe `y' i.treat_quake##i.post_quake##i.income_category_worker, `absorb_spec'
  3.     estadd local model "E: Income category DDD", replace
  4.     estadd local depvar "`y'", replace
  5.     
.     forvalues c = 1/3 {
  6.         eststo E_`y'_cat`c': reghdfe `y' i.treat_quake##i.post_quake if income_category_worker == `c', `absorb_spec'
  7.         estadd local model "E: DiD within income cat `c'", replace
  8.         estadd local depvar "`y'", replace
  9.     }
 10. }
(MWFE estimator converged in 3 iterations)
note: 1bn.treat_quake is probably collinear with the fixed effects (all partialled-out values are close to zero; tol = 1.0e-09)
note: 1bn.post_quake is probably collinear with the fixed effects (all partialled-out values are close to zero; tol = 1.0e-09)

HDFE Linear regression                            Number of obs   =     77,629
Absorbing 2 HDFE groups                           F(   9,  15890) =     123.50
Statistics robust to heteroskedasticity           Prob > F        =     0.0000
                                                  R-squared       =     0.0128
                                                  Adj R-squared   =     0.0126
                                                  Within R-sq.    =     0.0080
Number of clusters (id_worker) =     15,891       Root MSE        =     0.3673

                                                          (Std. err. adjusted for 15,891 clusters in id_worker)
---------------------------------------------------------------------------------------------------------------
                                              |               Robust
                                     employed | Coefficient  std. err.      t    P>|t|     [95% conf. interval]
----------------------------------------------+----------------------------------------------------------------
                                  treat_quake |
                                      Molise  |          0  (omitted)
                                 1.post_quake |          0  (omitted)
                                              |
                       treat_quake#post_quake |
                                    Molise#1  |  -.0069221   .0057447    -1.20   0.228    -.0181823    .0043382
                                              |
                       income_category_worker |
                                      Medium  |   .1329511   .0070452    18.87   0.000     .1191418    .1467605
                                        High  |   .1312673    .010609    12.37   0.000     .1104725    .1520622
                                              |
           treat_quake#income_category_worker |
                               Molise#Medium  |  -.0103688   .0112991    -0.92   0.359    -.0325164    .0117788
                                 Molise#High  |   .0031873   .0162692     0.20   0.845    -.0287022    .0350767
                                              |
            post_quake#income_category_worker |
                                    1#Medium  |    .021612   .0081561     2.65   0.008     .0056252    .0375989
                                      1#High  |  -.0094536   .0169051    -0.56   0.576    -.0425894    .0236823
                                              |
treat_quake#post_quake#income_category_worker |
                             Molise#1#Medium  |  -.0054732   .0133875    -0.41   0.683    -.0317143    .0207678
                               Molise#1#High  |   .0135013   .0227314     0.59   0.553    -.0310548    .0580574
                                              |
                                        _cons |   .8291673   .0021895   378.71   0.000     .8248757    .8334589
---------------------------------------------------------------------------------------------------------------

Absorbed degrees of freedom:
-----------------------------------------------------+
 Absorbed FE | Categories  - Redundant  = Num. Coefs |
-------------+---------------------------------------|
        year |         5           0           5     |
  region_res |         2           1           1     |
-----------------------------------------------------+

added macro:
              e(model) : "E: Income category DDD"

added macro:
             e(depvar) : "employed"
(MWFE estimator converged in 3 iterations)
note: 1bn.treat_quake is probably collinear with the fixed effects (all partialled-out values are close to zero; tol = 1.0e-09)
note: 1bn.post_quake is probably collinear with the fixed effects (all partialled-out values are close to zero; tol = 1.0e-09)

HDFE Linear regression                            Number of obs   =     72,714
Absorbing 2 HDFE groups                           F(   1,  14888) =       1.45
Statistics robust to heteroskedasticity           Prob > F        =     0.2281
                                                  R-squared       =     0.0051
                                                  Adj R-squared   =     0.0050
                                                  Within R-sq.    =     0.0000
Number of clusters (id_worker) =     14,889       Root MSE        =     0.3763

                                   (Std. err. adjusted for 14,889 clusters in id_worker)
----------------------------------------------------------------------------------------
                       |               Robust
              employed | Coefficient  std. err.      t    P>|t|     [95% conf. interval]
-----------------------+----------------------------------------------------------------
           treat_quake |
               Molise  |          0  (omitted)
          1.post_quake |          0  (omitted)
                       |
treat_quake#post_quake |
             Molise#1  |  -.0069244   .0057444    -1.21   0.228    -.0181841    .0043353
                       |
                 _cons |   .8291457   .0021885   378.86   0.000     .8248559    .8334355
----------------------------------------------------------------------------------------

Absorbed degrees of freedom:
-----------------------------------------------------+
 Absorbed FE | Categories  - Redundant  = Num. Coefs |
-------------+---------------------------------------|
        year |         5           0           5     |
  region_res |         2           1           1     |
-----------------------------------------------------+

added macro:
              e(model) : "E: DiD within income cat 1"

added macro:
             e(depvar) : "employed"
(MWFE estimator converged in 3 iterations)
note: 1bn.treat_quake is probably collinear with the fixed effects (all partialled-out values are close to zero; tol = 1.0e-09)
note: 1bn.post_quake is probably collinear with the fixed effects (all partialled-out values are close to zero; tol = 1.0e-09)

HDFE Linear regression                            Number of obs   =      3,848
Absorbing 2 HDFE groups                           F(   1,    784) =       1.06
Statistics robust to heteroskedasticity           Prob > F        =     0.3025
                                                  R-squared       =     0.0022
                                                  Adj R-squared   =     0.0006
                                                  Within R-sq.    =     0.0003
Number of clusters (id_worker) =        785       Root MSE        =     0.1840

                                      (Std. err. adjusted for 785 clusters in id_worker)
----------------------------------------------------------------------------------------
                       |               Robust
              employed | Coefficient  std. err.      t    P>|t|     [95% conf. interval]
-----------------------+----------------------------------------------------------------
           treat_quake |
               Molise  |          0  (omitted)
          1.post_quake |          0  (omitted)
                       |
treat_quake#post_quake |
             Molise#1  |  -.0125009   .0121152    -1.03   0.302    -.0362829    .0112812
                       |
                 _cons |   .9668823   .0044445   217.55   0.000     .9581578    .9756068
----------------------------------------------------------------------------------------

Absorbed degrees of freedom:
-----------------------------------------------------+
 Absorbed FE | Categories  - Redundant  = Num. Coefs |
-------------+---------------------------------------|
        year |         5           0           5     |
  region_res |         2           1           1     |
-----------------------------------------------------+

added macro:
              e(model) : "E: DiD within income cat 2"

added macro:
             e(depvar) : "employed"
(MWFE estimator converged in 3 iterations)
note: 1bn.treat_quake is probably collinear with the fixed effects (all partialled-out values are close to zero; tol = 1.0e-09)
note: 1bn.post_quake is probably collinear with the fixed effects (all partialled-out values are close to zero; tol = 1.0e-09)

HDFE Linear regression                            Number of obs   =      1,067
Absorbing 2 HDFE groups                           F(   1,    216) =       0.09
Statistics robust to heteroskedasticity           Prob > F        =     0.7677
                                                  R-squared       =     0.0048
                                                  Adj R-squared   =    -0.0008
                                                  Within R-sq.    =     0.0001
Number of clusters (id_worker) =        217       Root MSE        =     0.1990

                                      (Std. err. adjusted for 217 clusters in id_worker)
----------------------------------------------------------------------------------------
                       |               Robust
              employed | Coefficient  std. err.      t    P>|t|     [95% conf. interval]
-----------------------+----------------------------------------------------------------
           treat_quake |
               Molise  |          0  (omitted)
          1.post_quake |          0  (omitted)
                       |
treat_quake#post_quake |
             Molise#1  |   .0065356   .0220966     0.30   0.768     -.037017    .0500882
                       |
                 _cons |   .9578441   .0088819   107.84   0.000     .9403378    .9753504
----------------------------------------------------------------------------------------

Absorbed degrees of freedom:
-----------------------------------------------------+
 Absorbed FE | Categories  - Redundant  = Num. Coefs |
-------------+---------------------------------------|
        year |         5           0           5     |
  region_res |         2           1           1     |
-----------------------------------------------------+

added macro:
              e(model) : "E: DiD within income cat 3"

added macro:
             e(depvar) : "employed"
(MWFE estimator converged in 3 iterations)
note: 1bn.treat_quake is probably collinear with the fixed effects (all partialled-out values are close to zero; tol = 1.0e-09)
note: 1bn.post_quake is probably collinear with the fixed effects (all partialled-out values are close to zero; tol = 1.0e-09)

HDFE Linear regression                            Number of obs   =     64,957
Absorbing 2 HDFE groups                           F(   9,  15890) =    1507.54
Statistics robust to heteroskedasticity           Prob > F        =     0.0000
                                                  R-squared       =     0.5403
                                                  Adj R-squared   =     0.5402
                                                  Within R-sq.    =     0.5368
Number of clusters (id_worker) =     15,891       Root MSE        =  7825.5218

                                                          (Std. err. adjusted for 15,891 clusters in id_worker)
---------------------------------------------------------------------------------------------------------------
                                              |               Robust
                                         wage | Coefficient  std. err.      t    P>|t|     [95% conf. interval]
----------------------------------------------+----------------------------------------------------------------
                                  treat_quake |
                                      Molise  |          0  (omitted)
                                 1.post_quake |          0  (omitted)
                                              |
                       treat_quake#post_quake |
                                    Molise#1  |  -42.51078   97.43605    -0.44   0.663    -233.4965    148.4749
                                              |
                       income_category_worker |
                                      Medium  |   19933.82   285.9065    69.72   0.000     19373.41    20494.22
                                        High  |   56192.41    1505.47    37.33   0.000     53241.52     59143.3
                                              |
           treat_quake#income_category_worker |
                               Molise#Medium  |   164.1345   454.7056     0.36   0.718    -727.1399    1055.409
                                 Molise#High  |   -4451.71   2328.694    -1.91   0.056    -9016.214    112.7939
                                              |
            post_quake#income_category_worker |
                                    1#Medium  |   2124.311   361.8865     5.87   0.000     1414.973     2833.65
                                      1#High  |   3632.455   1358.269     2.67   0.007     970.0952    6294.816
                                              |
treat_quake#post_quake#income_category_worker |
                             Molise#1#Medium  |   209.0609   557.7846     0.37   0.708      -884.26    1302.382
                               Molise#1#High  |   3420.902   1934.439     1.77   0.077    -370.8168    7212.621
                                              |
                                        _cons |   13107.44   56.67476   231.27   0.000     12996.35    13218.53
---------------------------------------------------------------------------------------------------------------

Absorbed degrees of freedom:
-----------------------------------------------------+
 Absorbed FE | Categories  - Redundant  = Num. Coefs |
-------------+---------------------------------------|
        year |         5           0           5     |
  region_res |         2           1           1     |
-----------------------------------------------------+

added macro:
              e(model) : "E: Income category DDD"

added macro:
             e(depvar) : "wage"
(MWFE estimator converged in 3 iterations)
note: 1bn.treat_quake is probably collinear with the fixed effects (all partialled-out values are close to zero; tol = 1.0e-09)
note: 1bn.post_quake is probably collinear with the fixed effects (all partialled-out values are close to zero; tol = 1.0e-09)

HDFE Linear regression                            Number of obs   =     60,221
Absorbing 2 HDFE groups                           F(   1,  14888) =       0.18
Statistics robust to heteroskedasticity           Prob > F        =     0.6720
                                                  R-squared       =     0.0134
                                                  Adj R-squared   =     0.0133
                                                  Within R-sq.    =     0.0000
Number of clusters (id_worker) =     14,889       Root MSE        =  7438.1315

                                   (Std. err. adjusted for 14,889 clusters in id_worker)
----------------------------------------------------------------------------------------
                       |               Robust
                  wage | Coefficient  std. err.      t    P>|t|     [95% conf. interval]
-----------------------+----------------------------------------------------------------
           treat_quake |
               Molise  |          0  (omitted)
          1.post_quake |          0  (omitted)
                       |
treat_quake#post_quake |
             Molise#1  |  -41.26369   97.45451    -0.42   0.672    -232.2865    149.7592
                       |
                 _cons |   13106.88   56.63813   231.41   0.000     12995.86     13217.9
----------------------------------------------------------------------------------------

Absorbed degrees of freedom:
-----------------------------------------------------+
 Absorbed FE | Categories  - Redundant  = Num. Coefs |
-------------+---------------------------------------|
        year |         5           0           5     |
  region_res |         2           1           1     |
-----------------------------------------------------+

added macro:
              e(model) : "E: DiD within income cat 1"

added macro:
             e(depvar) : "wage"
(MWFE estimator converged in 3 iterations)
note: 1bn.treat_quake is probably collinear with the fixed effects (all partialled-out values are close to zero; tol = 1.0e-09)
note: 1bn.post_quake is probably collinear with the fixed effects (all partialled-out values are close to zero; tol = 1.0e-09)

HDFE Linear regression                            Number of obs   =      3,713
Absorbing 2 HDFE groups                           F(   1,    784) =       0.13
Statistics robust to heteroskedasticity           Prob > F        =     0.7169
                                                  R-squared       =     0.0764
                                                  Adj R-squared   =     0.0749
                                                  Within R-sq.    =     0.0000
Number of clusters (id_worker) =        785       Root MSE        =  8197.5350

                                      (Std. err. adjusted for 785 clusters in id_worker)
----------------------------------------------------------------------------------------
                       |               Robust
                  wage | Coefficient  std. err.      t    P>|t|     [95% conf. interval]
-----------------------+----------------------------------------------------------------
           treat_quake |
               Molise  |          0  (omitted)
          1.post_quake |          0  (omitted)
                       |
treat_quake#post_quake |
             Molise#1  |   199.3839    549.753     0.36   0.717    -879.7782    1278.546
                       |
                 _cons |   33945.07   211.8672   160.22   0.000     33529.18    34360.97
----------------------------------------------------------------------------------------

Absorbed degrees of freedom:
-----------------------------------------------------+
 Absorbed FE | Categories  - Redundant  = Num. Coefs |
-------------+---------------------------------------|
        year |         5           0           5     |
  region_res |         2           1           1     |
-----------------------------------------------------+

added macro:
              e(model) : "E: DiD within income cat 2"

added macro:
             e(depvar) : "wage"
(MWFE estimator converged in 3 iterations)
note: 1bn.treat_quake is probably collinear with the fixed effects (all partialled-out values are close to zero; tol = 1.0e-09)
note: 1bn.post_quake is probably collinear with the fixed effects (all partialled-out values are close to zero; tol = 1.0e-09)

HDFE Linear regression                            Number of obs   =      1,023
Absorbing 2 HDFE groups                           F(   1,    216) =       2.91
Statistics robust to heteroskedasticity           Prob > F        =     0.0896
                                                  R-squared       =     0.0505
                                                  Adj R-squared   =     0.0449
                                                  Within R-sq.    =     0.0016
Number of clusters (id_worker) =        217       Root MSE        = 19484.6178

                                      (Std. err. adjusted for 217 clusters in id_worker)
----------------------------------------------------------------------------------------
                       |               Robust
                  wage | Coefficient  std. err.      t    P>|t|     [95% conf. interval]
-----------------------+----------------------------------------------------------------
           treat_quake |
               Molise  |          0  (omitted)
          1.post_quake |          0  (omitted)
                       |
treat_quake#post_quake |
             Molise#1  |   3320.099   1946.908     1.71   0.090    -517.2706    7157.469
                       |
                 _cons |   69104.01   1079.288    64.03   0.000     66976.73     71231.3
----------------------------------------------------------------------------------------

Absorbed degrees of freedom:
-----------------------------------------------------+
 Absorbed FE | Categories  - Redundant  = Num. Coefs |
-------------+---------------------------------------|
        year |         5           0           5     |
  region_res |         2           1           1     |
-----------------------------------------------------+

added macro:
              e(model) : "E: DiD within income cat 3"

added macro:
             e(depvar) : "wage"
(MWFE estimator converged in 3 iterations)
note: 1bn.treat_quake is probably collinear with the fixed effects (all partialled-out values are close to zero; tol = 1.0e-09)
note: 1bn.post_quake is probably collinear with the fixed effects (all partialled-out values are close to zero; tol = 1.0e-09)

HDFE Linear regression                            Number of obs   =     64,957
Absorbing 2 HDFE groups                           F(   9,  15890) =    2709.72
Statistics robust to heteroskedasticity           Prob > F        =     0.0000
                                                  R-squared       =     0.1216
                                                  Adj R-squared   =     0.1215
                                                  Within R-sq.    =     0.1150
Number of clusters (id_worker) =     15,891       Root MSE        =     1.0128

                                                          (Std. err. adjusted for 15,891 clusters in id_worker)
---------------------------------------------------------------------------------------------------------------
                                              |               Robust
                                       lnwage | Coefficient  std. err.      t    P>|t|     [95% conf. interval]
----------------------------------------------+----------------------------------------------------------------
                                  treat_quake |
                                      Molise  |          0  (omitted)
                                 1.post_quake |          0  (omitted)
                                              |
                       treat_quake#post_quake |
                                    Molise#1  |  -.0119642   .0151329    -0.79   0.429    -.0416264    .0176979
                                              |
                       income_category_worker |
                                      Medium  |   1.244793    .015533    80.14   0.000     1.214346    1.275239
                                        High  |   1.993348   .0291271    68.44   0.000     1.936256     2.05044
                                              |
           treat_quake#income_category_worker |
                               Molise#Medium  |   .0012521     .02256     0.06   0.956    -.0429681    .0454723
                                 Molise#High  |  -.1188062   .0504576    -2.35   0.019    -.2177088   -.0199036
                                              |
            post_quake#income_category_worker |
                                    1#Medium  |  -.0608814   .0177814    -3.42   0.001     -.095735   -.0260279
                                      1#High  |  -.0969318   .0296123    -3.27   0.001    -.1549753   -.0388882
                                              |
treat_quake#post_quake#income_category_worker |
                             Molise#1#Medium  |  -.0183832    .030627    -0.60   0.548    -.0784157    .0416493
                               Molise#1#High  |   .0884573   .0496529     1.78   0.075     -.008868    .1857825
                                              |
                                        _cons |   9.173954    .006989  1312.63   0.000     9.160255    9.187653
---------------------------------------------------------------------------------------------------------------

Absorbed degrees of freedom:
-----------------------------------------------------+
 Absorbed FE | Categories  - Redundant  = Num. Coefs |
-------------+---------------------------------------|
        year |         5           0           5     |
  region_res |         2           1           1     |
-----------------------------------------------------+

added macro:
              e(model) : "E: Income category DDD"

added macro:
             e(depvar) : "lnwage"
(MWFE estimator converged in 3 iterations)
note: 1bn.treat_quake is probably collinear with the fixed effects (all partialled-out values are close to zero; tol = 1.0e-09)
note: 1bn.post_quake is probably collinear with the fixed effects (all partialled-out values are close to zero; tol = 1.0e-09)

HDFE Linear regression                            Number of obs   =     60,221
Absorbing 2 HDFE groups                           F(   1,  14888) =       0.62
Statistics robust to heteroskedasticity           Prob > F        =     0.4298
                                                  R-squared       =     0.0082
                                                  Adj R-squared   =     0.0081
                                                  Within R-sq.    =     0.0000
Number of clusters (id_worker) =     14,889       Root MSE        =     1.0462

                                   (Std. err. adjusted for 14,889 clusters in id_worker)
----------------------------------------------------------------------------------------
                       |               Robust
                lnwage | Coefficient  std. err.      t    P>|t|     [95% conf. interval]
-----------------------+----------------------------------------------------------------
           treat_quake |
               Molise  |          0  (omitted)
          1.post_quake |          0  (omitted)
                       |
treat_quake#post_quake |
             Molise#1  |   -.011948   .0151318    -0.79   0.430    -.0416082    .0177122
                       |
                 _cons |   9.173894   .0069819  1313.96   0.000     9.160209     9.18758
----------------------------------------------------------------------------------------

Absorbed degrees of freedom:
-----------------------------------------------------+
 Absorbed FE | Categories  - Redundant  = Num. Coefs |
-------------+---------------------------------------|
        year |         5           0           5     |
  region_res |         2           1           1     |
-----------------------------------------------------+

added macro:
              e(model) : "E: DiD within income cat 1"

added macro:
             e(depvar) : "lnwage"
(MWFE estimator converged in 3 iterations)
note: 1bn.treat_quake is probably collinear with the fixed effects (all partialled-out values are close to zero; tol = 1.0e-09)
note: 1bn.post_quake is probably collinear with the fixed effects (all partialled-out values are close to zero; tol = 1.0e-09)

HDFE Linear regression                            Number of obs   =      3,713
Absorbing 2 HDFE groups                           F(   1,    784) =       1.25
Statistics robust to heteroskedasticity           Prob > F        =     0.2632
                                                  R-squared       =     0.0371
                                                  Adj R-squared   =     0.0356
                                                  Within R-sq.    =     0.0003
Number of clusters (id_worker) =        785       Root MSE        =     0.3848

                                      (Std. err. adjusted for 785 clusters in id_worker)
----------------------------------------------------------------------------------------
                       |               Robust
                lnwage | Coefficient  std. err.      t    P>|t|     [95% conf. interval]
-----------------------+----------------------------------------------------------------
           treat_quake |
               Molise  |          0  (omitted)
          1.post_quake |          0  (omitted)
                       |
treat_quake#post_quake |
             Molise#1  |  -.0299344   .0267364    -1.12   0.263    -.0824178     .022549
                       |
                 _cons |   10.39633   .0063977  1625.01   0.000     10.38377    10.40889
----------------------------------------------------------------------------------------

Absorbed degrees of freedom:
-----------------------------------------------------+
 Absorbed FE | Categories  - Redundant  = Num. Coefs |
-------------+---------------------------------------|
        year |         5           0           5     |
  region_res |         2           1           1     |
-----------------------------------------------------+

added macro:
              e(model) : "E: DiD within income cat 2"

added macro:
             e(depvar) : "lnwage"
(MWFE estimator converged in 3 iterations)
note: 1bn.treat_quake is probably collinear with the fixed effects (all partialled-out values are close to zero; tol = 1.0e-09)
note: 1bn.post_quake is probably collinear with the fixed effects (all partialled-out values are close to zero; tol = 1.0e-09)

HDFE Linear regression                            Number of obs   =      1,023
Absorbing 2 HDFE groups                           F(   1,    216) =       2.53
Statistics robust to heteroskedasticity           Prob > F        =     0.1134
                                                  R-squared       =     0.0366
                                                  Adj R-squared   =     0.0309
                                                  Within R-sq.    =     0.0020
Number of clusters (id_worker) =        217       Root MSE        =     0.3992

                                      (Std. err. adjusted for 217 clusters in id_worker)
----------------------------------------------------------------------------------------
                       |               Robust
                lnwage | Coefficient  std. err.      t    P>|t|     [95% conf. interval]
-----------------------+----------------------------------------------------------------
           treat_quake |
               Molise  |          0  (omitted)
          1.post_quake |          0  (omitted)
                       |
treat_quake#post_quake |
             Molise#1  |   .0760145   .0478263     1.59   0.113    -.0182515    .1702806
                       |
                 _cons |    11.0861   .0184788   599.94   0.000     11.04968    11.12252
----------------------------------------------------------------------------------------

Absorbed degrees of freedom:
-----------------------------------------------------+
 Absorbed FE | Categories  - Redundant  = Num. Coefs |
-------------+---------------------------------------|
        year |         5           0           5     |
  region_res |         2           1           1     |
-----------------------------------------------------+

added macro:
              e(model) : "E: DiD within income cat 3"

added macro:
             e(depvar) : "lnwage"

. 
. // (F) Age heterogeneity - All outcomes
. foreach y of local outcomes {
  2.     eststo F_`y'_pooled: reghdfe `y' i.treat_quake##i.post_quake##i.age_group, `absorb_spec'
  3.     estadd local model "F: Age heterogeneity DDD", replace
  4.     estadd local depvar "`y'", replace
  5.     
.     forvalues a = 1/3 {
  6.         eststo F_`y'_age`a': reghdfe `y' i.treat_quake##i.post_quake if age_group == `a', `absorb_spec'
  7.         estadd local model "F: DiD within age group `a'", replace
  8.         estadd local depvar "`y'", replace
  9.     }
 10. }
(MWFE estimator converged in 3 iterations)
note: 1bn.treat_quake is probably collinear with the fixed effects (all partialled-out values are close to zero; tol = 1.0e-09)
note: 1bn.post_quake is probably collinear with the fixed effects (all partialled-out values are close to zero; tol = 1.0e-09)

HDFE Linear regression                            Number of obs   =     79,644
Absorbing 2 HDFE groups                           F(   9,  16346) =      66.45
Statistics robust to heteroskedasticity           Prob > F        =     0.0000
                                                  R-squared       =     0.0191
                                                  Adj R-squared   =     0.0189
                                                  Within R-sq.    =     0.0149
Number of clusters (id_worker) =     16,347       Root MSE        =     0.3841

                                             (Std. err. adjusted for 16,347 clusters in id_worker)
--------------------------------------------------------------------------------------------------
                                 |               Robust
                        employed | Coefficient  std. err.      t    P>|t|     [95% conf. interval]
---------------------------------+----------------------------------------------------------------
                     treat_quake |
                         Molise  |          0  (omitted)
                    1.post_quake |          0  (omitted)
                                 |
          treat_quake#post_quake |
                       Molise#1  |   .0038136   .0100495     0.38   0.704    -.0158846    .0235117
                                 |
                       age_group |
                          35-55  |   .1003591    .005573    18.01   0.000     .0894354    .1112828
                            ≥56  |   .0160188   .0146183     1.10   0.273    -.0126346    .0446722
                                 |
           treat_quake#age_group |
                   Molise#35-55  |   .0024745   .0093266     0.27   0.791    -.0158067    .0207556
                     Molise#≥56  |   .0339044   .0226745     1.50   0.135    -.0105401    .0783489
                                 |
            post_quake#age_group |
                        1#35-55  |  -.0124363   .0072513    -1.72   0.086    -.0266496     .001777
                          1#≥56  |  -.0522149   .0172177    -3.03   0.002    -.0859636   -.0184663
                                 |
treat_quake#post_quake#age_group |
                 Molise#1#35-55  |   -.018225   .0122264    -1.49   0.136      -.04219    .0057401
                   Molise#1#≥56  |  -.0042093   .0286967    -0.15   0.883    -.0604579    .0520394
                                 |
                           _cons |   .7647435   .0036878   207.37   0.000     .7575151    .7719719
--------------------------------------------------------------------------------------------------

Absorbed degrees of freedom:
-----------------------------------------------------+
 Absorbed FE | Categories  - Redundant  = Num. Coefs |
-------------+---------------------------------------|
        year |         5           0           5     |
  region_res |         2           1           1     |
-----------------------------------------------------+

added macro:
              e(model) : "F: Age heterogeneity DDD"

added macro:
             e(depvar) : "employed"
(MWFE estimator converged in 3 iterations)
note: 1bn.treat_quake is probably collinear with the fixed effects (all partialled-out values are close to zero; tol = 1.0e-09)
note: 1bn.post_quake is probably collinear with the fixed effects (all partialled-out values are close to zero; tol = 1.0e-09)

HDFE Linear regression                            Number of obs   =     32,905
Absorbing 2 HDFE groups                           F(   1,   7737) =       0.13
Statistics robust to heteroskedasticity           Prob > F        =     0.7142
                                                  R-squared       =     0.0082
                                                  Adj R-squared   =     0.0080
                                                  Within R-sq.    =     0.0000
Number of clusters (id_worker) =      7,738       Root MSE        =     0.4226

                                    (Std. err. adjusted for 7,738 clusters in id_worker)
----------------------------------------------------------------------------------------
                       |               Robust
              employed | Coefficient  std. err.      t    P>|t|     [95% conf. interval]
-----------------------+----------------------------------------------------------------
           treat_quake |
               Molise  |          0  (omitted)
          1.post_quake |          0  (omitted)
                       |
treat_quake#post_quake |
             Molise#1  |   .0036821   .0100522     0.37   0.714    -.0160229    .0233871
                       |
                 _cons |   .7641461   .0035959   212.51   0.000     .7570972     .771195
----------------------------------------------------------------------------------------

Absorbed degrees of freedom:
-----------------------------------------------------+
 Absorbed FE | Categories  - Redundant  = Num. Coefs |
-------------+---------------------------------------|
        year |         5           0           5     |
  region_res |         2           1           1     |
-----------------------------------------------------+

added macro:
              e(model) : "F: DiD within age group 1"

added macro:
             e(depvar) : "employed"
(MWFE estimator converged in 3 iterations)
note: 1bn.treat_quake is probably collinear with the fixed effects (all partialled-out values are close to zero; tol = 1.0e-09)
note: 1bn.post_quake is probably collinear with the fixed effects (all partialled-out values are close to zero; tol = 1.0e-09)

HDFE Linear regression                            Number of obs   =     42,758
Absorbing 2 HDFE groups                           F(   1,  10070) =       4.96
Statistics robust to heteroskedasticity           Prob > F        =     0.0259
                                                  R-squared       =     0.0029
                                                  Adj R-squared   =     0.0027
                                                  Within R-sq.    =     0.0001
Number of clusters (id_worker) =     10,071       Root MSE        =     0.3475

                                   (Std. err. adjusted for 10,071 clusters in id_worker)
----------------------------------------------------------------------------------------
                       |               Robust
              employed | Coefficient  std. err.      t    P>|t|     [95% conf. interval]
-----------------------+----------------------------------------------------------------
           treat_quake |
               Molise  |          0  (omitted)
          1.post_quake |          0  (omitted)
                       |
treat_quake#post_quake |
             Molise#1  |  -.0144497   .0064868    -2.23   0.026    -.0271652   -.0017342
                       |
                 _cons |   .8611983   .0028364   303.62   0.000     .8556384    .8667582
----------------------------------------------------------------------------------------

Absorbed degrees of freedom:
-----------------------------------------------------+
 Absorbed FE | Categories  - Redundant  = Num. Coefs |
-------------+---------------------------------------|
        year |         5           0           5     |
  region_res |         2           1           1     |
-----------------------------------------------------+

added macro:
              e(model) : "F: DiD within age group 2"

added macro:
             e(depvar) : "employed"
(MWFE estimator converged in 3 iterations)
note: 1bn.treat_quake is probably collinear with the fixed effects (all partialled-out values are close to zero; tol = 1.0e-09)
note: 1bn.post_quake is probably collinear with the fixed effects (all partialled-out values are close to zero; tol = 1.0e-09)

HDFE Linear regression                            Number of obs   =      3,981
Absorbing 2 HDFE groups                           F(   1,   1391) =       0.00
Statistics robust to heteroskedasticity           Prob > F        =     0.9653
                                                  R-squared       =     0.0085
                                                  Adj R-squared   =     0.0070
                                                  Within R-sq.    =     0.0000
Number of clusters (id_worker) =      1,392       Root MSE        =     0.4191

                                    (Std. err. adjusted for 1,392 clusters in id_worker)
----------------------------------------------------------------------------------------
                       |               Robust
              employed | Coefficient  std. err.      t    P>|t|     [95% conf. interval]
-----------------------+----------------------------------------------------------------
           treat_quake |
               Molise  |          0  (omitted)
          1.post_quake |          0  (omitted)
                       |
treat_quake#post_quake |
             Molise#1  |   -.001173    .026974    -0.04   0.965     -.054087     .051741
                       |
                 _cons |   .7706116   .0107949    71.39   0.000     .7494355    .7917877
----------------------------------------------------------------------------------------

Absorbed degrees of freedom:
-----------------------------------------------------+
 Absorbed FE | Categories  - Redundant  = Num. Coefs |
-------------+---------------------------------------|
        year |         5           0           5     |
  region_res |         2           1           1     |
-----------------------------------------------------+

added macro:
              e(model) : "F: DiD within age group 3"

added macro:
             e(depvar) : "employed"
(MWFE estimator converged in 3 iterations)
note: 1bn.treat_quake is probably collinear with the fixed effects (all partialled-out values are close to zero; tol = 1.0e-09)
note: 1bn.post_quake is probably collinear with the fixed effects (all partialled-out values are close to zero; tol = 1.0e-09)

HDFE Linear regression                            Number of obs   =     64,957
Absorbing 2 HDFE groups                           F(   9,  15890) =     221.57
Statistics robust to heteroskedasticity           Prob > F        =     0.0000
                                                  R-squared       =     0.0843
                                                  Adj R-squared   =     0.0841
                                                  Within R-sq.    =     0.0775
Number of clusters (id_worker) =     15,891       Root MSE        = 11044.3067

                                             (Std. err. adjusted for 15,891 clusters in id_worker)
--------------------------------------------------------------------------------------------------
                                 |               Robust
                            wage | Coefficient  std. err.      t    P>|t|     [95% conf. interval]
---------------------------------+----------------------------------------------------------------
                     treat_quake |
                         Molise  |          0  (omitted)
                    1.post_quake |          0  (omitted)
                                 |
          treat_quake#post_quake |
                       Molise#1  |  -143.1575   187.9245    -0.76   0.446    -511.5107    225.1957
                                 |
                       age_group |
                          35-55  |   6587.301   195.3661    33.72   0.000     6204.362    6970.241
                            ≥56  |   4685.101   667.8149     7.02   0.000     3376.108    5994.094
                                 |
           treat_quake#age_group |
                   Molise#35-55  |   177.8627   324.0004     0.55   0.583    -457.2148    812.9403
                     Molise#≥56  |   1257.337   988.7636     1.27   0.204    -680.7518    3195.426
                                 |
            post_quake#age_group |
                        1#35-55  |  -97.15276   151.3079    -0.64   0.521    -393.7334    199.4279
                          1#≥56  |   291.9149   627.7375     0.47   0.642    -938.5217    1522.352
                                 |
treat_quake#post_quake#age_group |
                 Molise#1#35-55  |   206.3927   269.4595     0.77   0.444    -321.7786    734.5639
                   Molise#1#≥56  |   1302.874   1117.824     1.17   0.244    -888.1881    3493.937
                                 |
                           _cons |   11186.92   82.61054   135.42   0.000     11024.99    11348.84
--------------------------------------------------------------------------------------------------

Absorbed degrees of freedom:
-----------------------------------------------------+
 Absorbed FE | Categories  - Redundant  = Num. Coefs |
-------------+---------------------------------------|
        year |         5           0           5     |
  region_res |         2           1           1     |
-----------------------------------------------------+

added macro:
              e(model) : "F: Age heterogeneity DDD"

added macro:
             e(depvar) : "wage"
(MWFE estimator converged in 3 iterations)
note: 1bn.treat_quake is probably collinear with the fixed effects (all partialled-out values are close to zero; tol = 1.0e-09)
note: 1bn.post_quake is probably collinear with the fixed effects (all partialled-out values are close to zero; tol = 1.0e-09)

HDFE Linear regression                            Number of obs   =     25,159
Absorbing 2 HDFE groups                           F(   1,   7423) =       0.56
Statistics robust to heteroskedasticity           Prob > F        =     0.4550
                                                  R-squared       =     0.0095
                                                  Adj R-squared   =     0.0093
                                                  Within R-sq.    =     0.0000
Number of clusters (id_worker) =      7,424       Root MSE        =  7331.8369

                                    (Std. err. adjusted for 7,424 clusters in id_worker)
----------------------------------------------------------------------------------------
                       |               Robust
                  wage | Coefficient  std. err.      t    P>|t|     [95% conf. interval]
-----------------------+----------------------------------------------------------------
           treat_quake |
               Molise  |          0  (omitted)
          1.post_quake |          0  (omitted)
                       |
treat_quake#post_quake |
             Molise#1  |  -140.3423   187.8535    -0.75   0.455    -508.5884    227.9038
                       |
                 _cons |   11121.23   81.16425   137.02   0.000     10962.13    11280.34
----------------------------------------------------------------------------------------

Absorbed degrees of freedom:
-----------------------------------------------------+
 Absorbed FE | Categories  - Redundant  = Num. Coefs |
-------------+---------------------------------------|
        year |         5           0           5     |
  region_res |         2           1           1     |
-----------------------------------------------------+

added macro:
              e(model) : "F: DiD within age group 1"

added macro:
             e(depvar) : "wage"
(MWFE estimator converged in 3 iterations)
note: 1bn.treat_quake is probably collinear with the fixed effects (all partialled-out values are close to zero; tol = 1.0e-09)
note: 1bn.post_quake is probably collinear with the fixed effects (all partialled-out values are close to zero; tol = 1.0e-09)

HDFE Linear regression                            Number of obs   =     36,731
Absorbing 2 HDFE groups                           F(   1,   9566) =       0.13
Statistics robust to heteroskedasticity           Prob > F        =     0.7184
                                                  R-squared       =     0.0039
                                                  Adj R-squared   =     0.0038
                                                  Within R-sq.    =     0.0000
Number of clusters (id_worker) =      9,567       Root MSE        = 12667.5684

                                    (Std. err. adjusted for 9,567 clusters in id_worker)
----------------------------------------------------------------------------------------
                       |               Robust
                  wage | Coefficient  std. err.      t    P>|t|     [95% conf. interval]
-----------------------+----------------------------------------------------------------
           treat_quake |
               Molise  |          0  (omitted)
          1.post_quake |          0  (omitted)
                       |
treat_quake#post_quake |
             Molise#1  |   62.79155   174.1138     0.36   0.718    -278.5084    404.0915
                       |
                 _cons |   17834.16   133.4481   133.64   0.000     17572.57    18095.74
----------------------------------------------------------------------------------------

Absorbed degrees of freedom:
-----------------------------------------------------+
 Absorbed FE | Categories  - Redundant  = Num. Coefs |
-------------+---------------------------------------|
        year |         5           0           5     |
  region_res |         2           1           1     |
-----------------------------------------------------+

added macro:
              e(model) : "F: DiD within age group 2"

added macro:
             e(depvar) : "wage"
(MWFE estimator converged in 3 iterations)
note: 1bn.treat_quake is probably collinear with the fixed effects (all partialled-out values are close to zero; tol = 1.0e-09)
note: 1bn.post_quake is probably collinear with the fixed effects (all partialled-out values are close to zero; tol = 1.0e-09)

HDFE Linear regression                            Number of obs   =      3,067
Absorbing 2 HDFE groups                           F(   1,   1200) =       1.17
Statistics robust to heteroskedasticity           Prob > F        =     0.2800
                                                  R-squared       =     0.0115
                                                  Adj R-squared   =     0.0096
                                                  Within R-sq.    =     0.0004
Number of clusters (id_worker) =      1,201       Root MSE        = 14854.5162

                                    (Std. err. adjusted for 1,201 clusters in id_worker)
----------------------------------------------------------------------------------------
                       |               Robust
                  wage | Coefficient  std. err.      t    P>|t|     [95% conf. interval]
-----------------------+----------------------------------------------------------------
           treat_quake |
               Molise  |          0  (omitted)
          1.post_quake |          0  (omitted)
                       |
treat_quake#post_quake |
             Molise#1  |   1190.417   1101.436     1.08   0.280     -970.538    3351.371
                       |
                 _cons |    16597.1   461.3682    35.97   0.000     15691.92    17502.28
----------------------------------------------------------------------------------------

Absorbed degrees of freedom:
-----------------------------------------------------+
 Absorbed FE | Categories  - Redundant  = Num. Coefs |
-------------+---------------------------------------|
        year |         5           0           5     |
  region_res |         2           1           1     |
-----------------------------------------------------+

added macro:
              e(model) : "F: DiD within age group 3"

added macro:
             e(depvar) : "wage"
(MWFE estimator converged in 3 iterations)
note: 1bn.treat_quake is probably collinear with the fixed effects (all partialled-out values are close to zero; tol = 1.0e-09)
note: 1bn.post_quake is probably collinear with the fixed effects (all partialled-out values are close to zero; tol = 1.0e-09)

HDFE Linear regression                            Number of obs   =     64,957
Absorbing 2 HDFE groups                           F(   9,  15890) =     184.80
Statistics robust to heteroskedasticity           Prob > F        =     0.0000
                                                  R-squared       =     0.0636
                                                  Adj R-squared   =     0.0634
                                                  Within R-sq.    =     0.0565
Number of clusters (id_worker) =     15,891       Root MSE        =     1.0458

                                             (Std. err. adjusted for 15,891 clusters in id_worker)
--------------------------------------------------------------------------------------------------
                                 |               Robust
                          lnwage | Coefficient  std. err.      t    P>|t|     [95% conf. interval]
---------------------------------+----------------------------------------------------------------
                     treat_quake |
                         Molise  |          0  (omitted)
                    1.post_quake |          0  (omitted)
                                 |
          treat_quake#post_quake |
                       Molise#1  |  -.0028511   .0272171    -0.10   0.917    -.0561996    .0504974
                                 |
                       age_group |
                          35-55  |   .5438013   .0184548    29.47   0.000     .5076278    .5799749
                            ≥56  |   .3384442   .0519817     6.51   0.000     .2365541    .4403343
                                 |
           treat_quake#age_group |
                   Molise#35-55  |   .0414278   .0307521     1.35   0.178    -.0188498    .1017055
                     Molise#≥56  |    .095591   .0921715     1.04   0.300    -.0850756    .2762576
                                 |
            post_quake#age_group |
                        1#35-55  |   -.059174   .0194888    -3.04   0.002    -.0973742   -.0209738
                          1#≥56  |  -.0718101   .0597779    -1.20   0.230    -.1889815    .0453613
                                 |
treat_quake#post_quake#age_group |
                 Molise#1#35-55  |  -.0244535   .0328424    -0.74   0.457    -.0888282    .0399212
                   Molise#1#≥56  |   .0646088   .0944625     0.68   0.494    -.1205484     .249766
                                 |
                           _cons |   8.955858   .0109198   820.15   0.000     8.934454    8.977262
--------------------------------------------------------------------------------------------------

Absorbed degrees of freedom:
-----------------------------------------------------+
 Absorbed FE | Categories  - Redundant  = Num. Coefs |
-------------+---------------------------------------|
        year |         5           0           5     |
  region_res |         2           1           1     |
-----------------------------------------------------+

added macro:
              e(model) : "F: Age heterogeneity DDD"

added macro:
             e(depvar) : "lnwage"
(MWFE estimator converged in 3 iterations)
note: 1bn.treat_quake is probably collinear with the fixed effects (all partialled-out values are close to zero; tol = 1.0e-09)
note: 1bn.post_quake is probably collinear with the fixed effects (all partialled-out values are close to zero; tol = 1.0e-09)

HDFE Linear regression                            Number of obs   =     25,159
Absorbing 2 HDFE groups                           F(   1,   7423) =       0.01
Statistics robust to heteroskedasticity           Prob > F        =     0.9238
                                                  R-squared       =     0.0070
                                                  Adj R-squared   =     0.0068
                                                  Within R-sq.    =     0.0000
Number of clusters (id_worker) =      7,424       Root MSE        =     1.1046

                                    (Std. err. adjusted for 7,424 clusters in id_worker)
----------------------------------------------------------------------------------------
                       |               Robust
                lnwage | Coefficient  std. err.      t    P>|t|     [95% conf. interval]
-----------------------+----------------------------------------------------------------
           treat_quake |
               Molise  |          0  (omitted)
          1.post_quake |          0  (omitted)
                       |
treat_quake#post_quake |
             Molise#1  |  -.0026043   .0272126    -0.10   0.924    -.0559487      .05074
                       |
                 _cons |   8.947983   .0107723   830.65   0.000     8.926866      8.9691
----------------------------------------------------------------------------------------

Absorbed degrees of freedom:
-----------------------------------------------------+
 Absorbed FE | Categories  - Redundant  = Num. Coefs |
-------------+---------------------------------------|
        year |         5           0           5     |
  region_res |         2           1           1     |
-----------------------------------------------------+

added macro:
              e(model) : "F: DiD within age group 1"

added macro:
             e(depvar) : "lnwage"
(MWFE estimator converged in 3 iterations)
note: 1bn.treat_quake is probably collinear with the fixed effects (all partialled-out values are close to zero; tol = 1.0e-09)
note: 1bn.post_quake is probably collinear with the fixed effects (all partialled-out values are close to zero; tol = 1.0e-09)

HDFE Linear regression                            Number of obs   =     36,731
Absorbing 2 HDFE groups                           F(   1,   9566) =       2.49
Statistics robust to heteroskedasticity           Prob > F        =     0.1146
                                                  R-squared       =     0.0048
                                                  Adj R-squared   =     0.0046
                                                  Within R-sq.    =     0.0000
Number of clusters (id_worker) =      9,567       Root MSE        =     0.9846

                                    (Std. err. adjusted for 9,567 clusters in id_worker)
----------------------------------------------------------------------------------------
                       |               Robust
                lnwage | Coefficient  std. err.      t    P>|t|     [95% conf. interval]
-----------------------+----------------------------------------------------------------
           treat_quake |
               Molise  |          0  (omitted)
          1.post_quake |          0  (omitted)
                       |
treat_quake#post_quake |
             Molise#1  |  -.0273619   .0173389    -1.58   0.115    -.0613499    .0066261
                       |
                 _cons |   9.494421   .0087441  1085.81   0.000      9.47728    9.511561
----------------------------------------------------------------------------------------

Absorbed degrees of freedom:
-----------------------------------------------------+
 Absorbed FE | Categories  - Redundant  = Num. Coefs |
-------------+---------------------------------------|
        year |         5           0           5     |
  region_res |         2           1           1     |
-----------------------------------------------------+

added macro:
              e(model) : "F: DiD within age group 2"

added macro:
             e(depvar) : "lnwage"
(MWFE estimator converged in 3 iterations)
note: 1bn.treat_quake is probably collinear with the fixed effects (all partialled-out values are close to zero; tol = 1.0e-09)
note: 1bn.post_quake is probably collinear with the fixed effects (all partialled-out values are close to zero; tol = 1.0e-09)

HDFE Linear regression                            Number of obs   =      3,067
Absorbing 2 HDFE groups                           F(   1,   1200) =       0.50
Statistics robust to heteroskedasticity           Prob > F        =     0.4804
                                                  R-squared       =     0.0073
                                                  Adj R-squared   =     0.0053
                                                  Within R-sq.    =     0.0002
Number of clusters (id_worker) =      1,201       Root MSE        =     1.2426

                                    (Std. err. adjusted for 1,201 clusters in id_worker)
----------------------------------------------------------------------------------------
                       |               Robust
                lnwage | Coefficient  std. err.      t    P>|t|     [95% conf. interval]
-----------------------+----------------------------------------------------------------
           treat_quake |
               Molise  |          0  (omitted)
          1.post_quake |          0  (omitted)
                       |
treat_quake#post_quake |
             Molise#1  |   .0637315   .0902895     0.71   0.480    -.1134113    .2408743
                       |
                 _cons |   9.311482   .0386132   241.15   0.000     9.235725    9.387238
----------------------------------------------------------------------------------------

Absorbed degrees of freedom:
-----------------------------------------------------+
 Absorbed FE | Categories  - Redundant  = Num. Coefs |
-------------+---------------------------------------|
        year |         5           0           5     |
  region_res |         2           1           1     |
-----------------------------------------------------+

added macro:
              e(model) : "F: DiD within age group 3"

added macro:
             e(depvar) : "lnwage"

. 
. // (G) Full 4-way interaction - All outcomes
. foreach y of local outcomes {
  2.     eststo G_`y'_pooled: reghdfe `y' i.treat_quake##i.post_quake##i.base_inc##i.age_group, `absorb_spec'
  3.     estadd local model "G: Full DDDD (income × age)", replace
  4.     estadd local depvar "`y'", replace
  5.     
.     * Subgroup regressions by income and age combinations
.     forvalues c = 1/3 {
  6.         forvalues a = 1/3 {
  7.             capture eststo G_`y'_inc`c'_age`a': reghdfe `y' i.treat_quake##i.post_quake ///
>                 if base_inc == `c' & age_group == `a', `absorb_spec'
  8.             if !_rc {
  9.                 estadd local model "G: DiD within inc=`c', age=`a'", replace
 10.                 estadd local depvar "`y'", replace
 11.             }
 12.         }
 13.     }
 14. }
(MWFE estimator converged in 3 iterations)
note: 1bn.treat_quake is probably collinear with the fixed effects (all partialled-out values are close to zero; tol = 1.0e-09)
note: 1bn.post_quake is probably collinear with the fixed effects (all partialled-out values are close to zero; tol = 1.0e-09)

HDFE Linear regression                            Number of obs   =     68,075
Absorbing 2 HDFE groups                           F(  33,  13921) =     112.58
Statistics robust to heteroskedasticity           Prob > F        =     0.0000
                                                  R-squared       =     0.0614
                                                  Adj R-squared   =     0.0609
                                                  Within R-sq.    =     0.0208
Number of clusters (id_worker) =     13,922       Root MSE        =     0.2962

                                                      (Std. err. adjusted for 13,922 clusters in id_worker)
-----------------------------------------------------------------------------------------------------------
                                          |               Robust
                                 employed | Coefficient  std. err.      t    P>|t|     [95% conf. interval]
------------------------------------------+----------------------------------------------------------------
                              treat_quake |
                                  Molise  |          0  (omitted)
                             1.post_quake |          0  (omitted)
                                          |
                   treat_quake#post_quake |
                                Molise#1  |   .0043079   .0104199     0.41   0.679    -.0161165    .0247322
                                          |
                                 base_inc |
                                       2  |   .1265678   .0155182     8.16   0.000       .09615    .1569855
                                       3  |   .1559927   .0039587    39.40   0.000     .1482331    .1637523
                                          |
                     treat_quake#base_inc |
                                Molise#2  |  -.0079849   .0239186    -0.33   0.739    -.0548686    .0388988
                                Molise#3  |  -.0892689   .0725019    -1.23   0.218    -.2313825    .0528446
                                          |
                      post_quake#base_inc |
                                     1 2  |   .0017553   .0213862     0.08   0.935    -.0401645    .0436752
                                     1 3  |  -.0015806   .0061814    -0.26   0.798     -.013697    .0105358
                                          |
          treat_quake#post_quake#base_inc |
                              Molise#1#2  |  -.0545062   .0444933    -1.23   0.221    -.1417191    .0327066
                              Molise#1#3  |  -.2604332   .2647105    -0.98   0.325    -.7793013    .2584349
                                          |
                                age_group |
                                   35-55  |   .0808299   .0048208    16.77   0.000     .0713804    .0902794
                                     ≥56  |   .0722268    .011961     6.04   0.000     .0487815    .0956721
                                          |
                    treat_quake#age_group |
                            Molise#35-55  |   .0002607   .0080648     0.03   0.974    -.0155475    .0160689
                              Molise#≥56  |   .0276646   .0164668     1.68   0.093    -.0046126    .0599419
                                          |
                     post_quake#age_group |
                                 1#35-55  |  -.0112053   .0074052    -1.51   0.130    -.0257206    .0033099
                                   1#≥56  |  -.0683748    .017846    -3.83   0.000    -.1033555   -.0333942
                                          |
         treat_quake#post_quake#age_group |
                          Molise#1#35-55  |  -.0117362   .0124639    -0.94   0.346     -.036167    .0126946
                            Molise#1#≥56  |  -.0217214   .0284192    -0.76   0.445    -.0774269     .033984
                                          |
                       base_inc#age_group |
                                 2#35-55  |  -.0639935   .0162303    -3.94   0.000     -.095807     -.03218
                                   2#≥56  |  -.0569781   .0198571    -2.87   0.004    -.0959007   -.0180556
                                 3#35-55  |  -.0999813   .0083697   -11.95   0.000    -.1163869   -.0835756
                                   3#≥56  |  -.0822651   .0158805    -5.18   0.000    -.1133929   -.0511373
                                          |
           treat_quake#base_inc#age_group |
                          Molise#2#35-55  |  -.0038632   .0253333    -0.15   0.879    -.0535198    .0457934
                            Molise#2#≥56  |  -.0323321   .0294651    -1.10   0.273    -.0900876    .0254233
                          Molise#3#35-55  |   .0942524    .073289     1.29   0.198    -.0494038    .2379086
                            Molise#3#≥56  |   .0020365   .0863963     0.02   0.981    -.1673119    .1713849
                                          |
            post_quake#base_inc#age_group |
                               1#2#35-55  |   .0075068   .0225937     0.33   0.740    -.0367799    .0517935
                                 1#2#≥56  |  -.0020939   .0397738    -0.05   0.958    -.0800558     .075868
                               1#3#35-55  |  -.0190214   .0179418    -1.06   0.289    -.0541898     .016147
                                 1#3#≥56  |   .0113486   .0498779     0.23   0.820    -.0864188     .109116
                                          |
treat_quake#post_quake#base_inc#age_group |
                        Molise#1#2#35-55  |   .0544673   .0459633     1.19   0.236    -.0356268    .1445615
                          Molise#1#2#≥56  |   .0829326   .0661188     1.25   0.210    -.0466691    .2125344
                        Molise#1#3#35-55  |   .2980848   .2655099     1.12   0.262    -.2223503      .81852
                          Molise#1#3#≥56  |    .309305   .2806613     1.10   0.270    -.2408289    .8594389
                                          |
                                    _cons |   .8466902   .0031992   264.66   0.000     .8404193     .852961
-----------------------------------------------------------------------------------------------------------

Absorbed degrees of freedom:
-----------------------------------------------------+
 Absorbed FE | Categories  - Redundant  = Num. Coefs |
-------------+---------------------------------------|
        year |         5           0           5     |
  region_res |         2           1           1     |
-----------------------------------------------------+

added macro:
              e(model) : "G: Full DDDD (income × age)"

added macro:
             e(depvar) : "employed"

added macro:
              e(model) : "G: DiD within inc=1, age=1"

added macro:
             e(depvar) : "employed"

added macro:
              e(model) : "G: DiD within inc=1, age=2"

added macro:
             e(depvar) : "employed"

added macro:
              e(model) : "G: DiD within inc=1, age=3"

added macro:
             e(depvar) : "employed"

added macro:
              e(model) : "G: DiD within inc=2, age=1"

added macro:
             e(depvar) : "employed"

added macro:
              e(model) : "G: DiD within inc=2, age=2"

added macro:
             e(depvar) : "employed"

added macro:
              e(model) : "G: DiD within inc=2, age=3"

added macro:
             e(depvar) : "employed"

added macro:
              e(model) : "G: DiD within inc=3, age=1"

added macro:
             e(depvar) : "employed"

added macro:
              e(model) : "G: DiD within inc=3, age=2"

added macro:
             e(depvar) : "employed"

added macro:
              e(model) : "G: DiD within inc=3, age=3"

added macro:
             e(depvar) : "employed"
(MWFE estimator converged in 3 iterations)
note: 1bn.treat_quake is probably collinear with the fixed effects (all partialled-out values are close to zero; tol = 1.0e-09)
note: 1bn.post_quake is probably collinear with the fixed effects (all partialled-out values are close to zero; tol = 1.0e-09)

HDFE Linear regression                            Number of obs   =     60,977
Absorbing 2 HDFE groups                           F(  33,  13921) =    9228.65
Statistics robust to heteroskedasticity           Prob > F        =     0.0000
                                                  R-squared       =     0.5560
                                                  Adj R-squared   =     0.5557
                                                  Within R-sq.    =     0.5529
Number of clusters (id_worker) =     13,922       Root MSE        =  7697.5091

                                                      (Std. err. adjusted for 13,922 clusters in id_worker)
-----------------------------------------------------------------------------------------------------------
                                          |               Robust
                                     wage | Coefficient  std. err.      t    P>|t|     [95% conf. interval]
------------------------------------------+----------------------------------------------------------------
                              treat_quake |
                                  Molise  |          0  (omitted)
                             1.post_quake |          0  (omitted)
                                          |
                   treat_quake#post_quake |
                                Molise#1  |   47.08871   177.7385     0.26   0.791    -301.3027    395.4802
                                          |
                                 base_inc |
                                       2  |   17007.39   602.9575    28.21   0.000     15825.51    18189.26
                                       3  |   29126.18    93.2472   312.35   0.000      28943.4    29308.96
                                          |
                     treat_quake#base_inc |
                                Molise#2  |    2366.65   1160.808     2.04   0.041     91.31016    4641.989
                                Molise#3  |   3208.411   9108.175     0.35   0.725    -14644.84    21061.66
                                          |
                      post_quake#base_inc |
                                     1 2  |   3310.756   1767.826     1.87   0.061    -154.4208    6775.932
                                     1 3  |  -1081.196   102.3051   -10.57   0.000    -1281.728   -880.6642
                                          |
          treat_quake#post_quake#base_inc |
                              Molise#1#2  |   -2259.31   2855.732    -0.79   0.429    -7856.929    3338.309
                              Molise#1#3  |   2784.862   9108.501     0.31   0.760    -15069.02    20638.75
                                          |
                                age_group |
                                   35-55  |   3802.668   135.4496    28.07   0.000     3537.168    4068.167
                                     ≥56  |    2125.66   352.4558     6.03   0.000     1434.799    2816.521
                                          |
                    treat_quake#age_group |
                            Molise#35-55  |     308.21   227.6904     1.35   0.176    -138.0938    754.5137
                              Molise#≥56  |   1395.806    615.145     2.27   0.023     190.0389    2601.573
                                          |
                     post_quake#age_group |
                                 1#35-55  |   29.96587   133.5532     0.22   0.822    -231.8163     291.748
                                   1#≥56  |  -753.8729   403.5645    -1.87   0.062    -1544.913    37.16771
                                          |
         treat_quake#post_quake#age_group |
                          Molise#1#35-55  |  -77.76615   230.2699    -0.34   0.736     -529.126    373.5937
                            Molise#1#≥56  |  -672.5817   681.1988    -0.99   0.323    -2007.823    662.6595
                                          |
                       base_inc#age_group |
                                 2#35-55  |   152.3614   672.6442     0.23   0.821    -1166.112    1470.834
                                   2#≥56  |   1995.547   1343.259     1.49   0.137    -637.4212    4628.516
                                 3#35-55  |   22739.04   1496.647    15.19   0.000     19805.41    25672.67
                                   3#≥56  |   41575.88   9857.489     4.22   0.000     22253.87    60897.88
                                          |
           treat_quake#base_inc#age_group |
                          Molise#2#35-55  |  -2478.497   1263.371    -1.96   0.050    -4954.874    -2.11951
                            Molise#2#≥56  |  -4327.414   1961.381    -2.21   0.027    -8171.985   -482.8433
                          Molise#3#35-55  |  -6421.092   9415.809    -0.68   0.495    -24877.34    12035.16
                            Molise#3#≥56  |  -17622.45   14606.71    -1.21   0.228    -46253.57    11008.66
                                          |
            post_quake#base_inc#age_group |
                               1#2#35-55  |  -1673.027   1797.907    -0.93   0.352    -5197.167    1851.113
                                 1#2#≥56  |  -5146.538    2494.71    -2.06   0.039    -10036.51   -256.5708
                               1#3#35-55  |   4544.916   1387.292     3.28   0.001     1825.638    7264.194
                                 1#3#≥56  |  -10227.05   7230.542    -1.41   0.157    -24399.88    3945.785
                                          |
treat_quake#post_quake#base_inc#age_group |
                        Molise#1#2#35-55  |   2171.552   2915.036     0.74   0.456    -3542.311    7885.416
                          Molise#1#2#≥56  |   8619.088   3773.367     2.28   0.022     1222.782    16015.39
                        Molise#1#3#35-55  |  -3262.429   9909.823    -0.33   0.742    -22687.01    16162.16
                          Molise#1#3#≥56  |   16038.62   15720.75     1.02   0.308    -14776.17     46853.4
                                          |
                                    _cons |   11236.55   78.18355   143.72   0.000      11083.3     11389.8
-----------------------------------------------------------------------------------------------------------

Absorbed degrees of freedom:
-----------------------------------------------------+
 Absorbed FE | Categories  - Redundant  = Num. Coefs |
-------------+---------------------------------------|
        year |         5           0           5     |
  region_res |         2           1           1     |
-----------------------------------------------------+

added macro:
              e(model) : "G: Full DDDD (income × age)"

added macro:
             e(depvar) : "wage"

added macro:
              e(model) : "G: DiD within inc=1, age=1"

added macro:
             e(depvar) : "wage"

added macro:
              e(model) : "G: DiD within inc=1, age=2"

added macro:
             e(depvar) : "wage"

added macro:
              e(model) : "G: DiD within inc=1, age=3"

added macro:
             e(depvar) : "wage"

added macro:
              e(model) : "G: DiD within inc=2, age=1"

added macro:
             e(depvar) : "wage"

added macro:
              e(model) : "G: DiD within inc=2, age=2"

added macro:
             e(depvar) : "wage"

added macro:
              e(model) : "G: DiD within inc=2, age=3"

added macro:
             e(depvar) : "wage"

added macro:
              e(model) : "G: DiD within inc=3, age=1"

added macro:
             e(depvar) : "wage"

added macro:
              e(model) : "G: DiD within inc=3, age=2"

added macro:
             e(depvar) : "wage"

added macro:
              e(model) : "G: DiD within inc=3, age=3"

added macro:
             e(depvar) : "wage"
(MWFE estimator converged in 3 iterations)
note: 1bn.treat_quake is probably collinear with the fixed effects (all partialled-out values are close to zero; tol = 1.0e-09)
note: 1bn.post_quake is probably collinear with the fixed effects (all partialled-out values are close to zero; tol = 1.0e-09)

HDFE Linear regression                            Number of obs   =     60,977
Absorbing 2 HDFE groups                           F(  33,  13921) =   12810.96
Statistics robust to heteroskedasticity           Prob > F        =     0.0000
                                                  R-squared       =     0.1596
                                                  Adj R-squared   =     0.1591
                                                  Within R-sq.    =     0.1531
Number of clusters (id_worker) =     13,922       Root MSE        =     0.9332

                                                      (Std. err. adjusted for 13,922 clusters in id_worker)
-----------------------------------------------------------------------------------------------------------
                                          |               Robust
                                   lnwage | Coefficient  std. err.      t    P>|t|     [95% conf. interval]
------------------------------------------+----------------------------------------------------------------
                              treat_quake |
                                  Molise  |          0  (omitted)
                             1.post_quake |          0  (omitted)
                                          |
                   treat_quake#post_quake |
                                Molise#1  |   .0202795   .0263438     0.77   0.441    -.0313579    .0719169
                                          |
                                 base_inc |
                                       2  |   1.201944   .0379077    31.71   0.000      1.12764    1.276248
                                       3  |   -1.68482   .0140379  -120.02   0.000    -1.712336   -1.657304
                                          |
                     treat_quake#base_inc |
                                Molise#2  |  -.0406248   .1228333    -0.33   0.741    -.2813944    .2001449
                                Molise#3  |   3.160503    .261865    12.07   0.000     2.647212    3.673794
                                          |
                      post_quake#base_inc |
                                     1 2  |  -.1136504   .1053795    -1.08   0.281    -.3202084    .0929076
                                     1 3  |   3.171125   .0160368   197.74   0.000     3.139691    3.202559
                                          |
          treat_quake#post_quake#base_inc |
                              Molise#1#2  |   -.140983   .2243336    -0.63   0.530     -.580707    .2987411
                              Molise#1#3  |  -3.138609   .2621155   -11.97   0.000     -3.65239   -2.624827
                                          |
                                age_group |
                                   35-55  |   .3946209   .0184008    21.45   0.000     .3585529    .4306889
                                     ≥56  |   .2387257   .0494262     4.83   0.000     .1418437    .3356078
                                          |
                    treat_quake#age_group |
                            Molise#35-55  |   .0439089   .0304002     1.44   0.149    -.0156796    .1034974
                              Molise#≥56  |   .0594493   .0981703     0.61   0.545    -.1329776    .2518763
                                          |
                     post_quake#age_group |
                                 1#35-55  |  -.0316989   .0194813    -1.63   0.104    -.0698849    .0064871
                                   1#≥56  |  -.1553389   .0599369    -2.59   0.010    -.2728234   -.0378545
                                          |
         treat_quake#post_quake#age_group |
                          Molise#1#35-55  |  -.0464657   .0321253    -1.45   0.148    -.1094357    .0165043
                            Molise#1#≥56  |   .0094032   .0991404     0.09   0.924    -.1849254    .2037318
                                          |
                       base_inc#age_group |
                                 2#35-55  |  -.2141754   .0411388    -5.21   0.000     -.294813   -.1335379
                                   2#≥56  |  -.0356827   .0694336    -0.51   0.607    -.1717818    .1004164
                                 3#35-55  |   3.386303   .0359288    94.25   0.000     3.315877    3.456728
                                   3#≥56  |   3.784425   .1285741    29.43   0.000     3.532403    4.036447
                                          |
           treat_quake#base_inc#age_group |
                          Molise#2#35-55  |  -.0151304   .1260834    -0.12   0.904    -.2622708      .23201
                            Molise#2#≥56  |  -.0264931   .1618497    -0.16   0.870    -.3437402     .290754
                          Molise#3#35-55  |  -3.231665   .2659605   -12.15   0.000    -3.752983   -2.710346
                            Molise#3#≥56  |  -3.370082   .3163161   -10.65   0.000    -3.990104    -2.75006
                                          |
            post_quake#base_inc#age_group |
                               1#2#35-55  |   .0656133   .1068296     0.61   0.539     -.143787    .2750137
                                 1#2#≥56  |  -.0518158    .139051    -0.37   0.709    -.3243745    .2207429
                               1#3#35-55  |  -3.227291   .0368063   -87.68   0.000    -3.299436   -3.155146
                                 1#3#≥56  |  -3.342547   .1143609   -29.23   0.000     -3.56671   -3.118384
                                          |
treat_quake#post_quake#base_inc#age_group |
                        Molise#1#2#35-55  |     .11091   .2278594     0.49   0.626     -.335725    .5575451
                          Molise#1#2#≥56  |   .3458945    .258395     1.34   0.181    -.1605944    .8523835
                        Molise#1#3#35-55  |   3.105437   .2803472    11.08   0.000     2.555919    3.654955
                          Molise#1#3#≥56  |   3.244813   .3351674     9.68   0.000      2.58784    3.901787
                                          |
                                    _cons |    9.00989     .01095   822.82   0.000     8.988426    9.031353
-----------------------------------------------------------------------------------------------------------

Absorbed degrees of freedom:
-----------------------------------------------------+
 Absorbed FE | Categories  - Redundant  = Num. Coefs |
-------------+---------------------------------------|
        year |         5           0           5     |
  region_res |         2           1           1     |
-----------------------------------------------------+

added macro:
              e(model) : "G: Full DDDD (income × age)"

added macro:
             e(depvar) : "lnwage"

added macro:
              e(model) : "G: DiD within inc=1, age=1"

added macro:
             e(depvar) : "lnwage"

added macro:
              e(model) : "G: DiD within inc=1, age=2"

added macro:
             e(depvar) : "lnwage"

added macro:
              e(model) : "G: DiD within inc=1, age=3"

added macro:
             e(depvar) : "lnwage"

added macro:
              e(model) : "G: DiD within inc=2, age=1"

added macro:
             e(depvar) : "lnwage"

added macro:
              e(model) : "G: DiD within inc=2, age=2"

added macro:
             e(depvar) : "lnwage"

added macro:
              e(model) : "G: DiD within inc=2, age=3"

added macro:
             e(depvar) : "lnwage"

added macro:
              e(model) : "G: DiD within inc=3, age=1"

added macro:
             e(depvar) : "lnwage"

added macro:
              e(model) : "G: DiD within inc=3, age=2"

added macro:
             e(depvar) : "lnwage"

added macro:
              e(model) : "G: DiD within inc=3, age=3"

added macro:
             e(depvar) : "lnwage"

. 
. *============================*
. *     COEFFICIENT PLOTS      *
. *============================*
. 
. // Main effects comparison across outcomes
. cap coefplot ///
>     (A_employed, keep(1.treat_quake#1.post_quake) label("Employment")) ///
>     (A_wage, keep(1.treat_quake#1.post_quake) label("Wage")) ///
>     (A_lnwage, keep(1.treat_quake#1.post_quake) label("Log Wage")), ///
>     vertical xline(0, lp(dash)) ciopts(recast(rcap)) ///
>     title("A — Main Treatment Effects Across Outcomes") ytitle("Coefficient") xtitle("")

. if !_rc graph export "$OUT/plot_A_main_comparison.png", replace
file /Users/vittoriogaravelli/GitHub/GitHub/ERMDA-30464_GP/output/plot_A_main_comparison.png saved as PNG format

. 
. // B1 — Type-specific employment
. cap coefplot ///
>     (B1_y_private, keep(1.treat_quake#1.post_quake) label("Private")) ///
>     (B1_y_public,  keep(1.treat_quake#1.post_quake) label("Public")) ///
>     (B1_y_self,    keep(1.treat_quake#1.post_quake) label("Self")), ///
>     vertical xline(0, lp(dash)) ciopts(recast(rcap)) ///
>     title("B1 — Employment Type Probabilities") ytitle("Coefficient") xtitle("")

. if !_rc graph export "$OUT/plot_B1_type_employment.png", replace
file /Users/vittoriogaravelli/GitHub/GitHub/ERMDA-30464_GP/output/plot_B1_type_employment.png saved as PNG format

. 
. // B2 — Within-type employment effects
. foreach k in private public self {
  2.     cap coefplot ///
>         (B2_employed_`k', keep(1.treat_quake#1.post_quake) label("Employment")) ///
>         (B2_wage_`k', keep(1.treat_quake#1.post_quake) label("Wage")) ///
>         (B2_lnwage_`k', keep(1.treat_quake#1.post_quake) label("Log Wage")), ///
>         vertical xline(0, lp(dash)) ciopts(recast(rcap)) ///
>         title("B2 — Within `k' Sector Effects") ytitle("Coefficient") xtitle("")
  3.     if !_rc graph export "$OUT/plot_B2_`k'_effects.png", replace
  4. }
file /Users/vittoriogaravelli/GitHub/GitHub/ERMDA-30464_GP/output/plot_B2_private_effects.png saved as PNG format
file /Users/vittoriogaravelli/GitHub/GitHub/ERMDA-30464_GP/output/plot_B2_public_effects.png saved as PNG format
file /Users/vittoriogaravelli/GitHub/GitHub/ERMDA-30464_GP/output/plot_B2_self_effects.png saved as PNG format

. 
. // D — Baseline income heterogeneity by outcome
. foreach y of local outcomes {
  2.     cap coefplot ///
>         (D_`y'_bin1, keep(1.treat_quake#1.post_quake) label("Low (pre)")) ///
>         (D_`y'_bin2, keep(1.treat_quake#1.post_quake) label("Med (pre)")) ///
>         (D_`y'_bin3, keep(1.treat_quake#1.post_quake) label("High (pre)")), ///
>         vertical xline(0, lp(dash)) ciopts(recast(rcap)) ///
>         title("D — Baseline Income Heterogeneity: `y'") ytitle("Coefficient") xtitle("")
  3.     if !_rc graph export "$OUT/plot_D_baseline_`y'.png", replace
  4. }
file /Users/vittoriogaravelli/GitHub/GitHub/ERMDA-30464_GP/output/plot_D_baseline_employed.png saved as PNG format
file /Users/vittoriogaravelli/GitHub/GitHub/ERMDA-30464_GP/output/plot_D_baseline_wage.png saved as PNG format
file /Users/vittoriogaravelli/GitHub/GitHub/ERMDA-30464_GP/output/plot_D_baseline_lnwage.png saved as PNG format

. 
. // E — Current income category by outcome
. foreach y of local outcomes {
  2.     cap coefplot ///
>         (E_`y'_cat1, keep(1.treat_quake#1.post_quake) label("Low")) ///
>         (E_`y'_cat2, keep(1.treat_quake#1.post_quake) label("Medium")) ///
>         (E_`y'_cat3, keep(1.treat_quake#1.post_quake) label("High")), ///
>         vertical xline(0, lp(dash)) ciopts(recast(rcap)) ///
>         title("E — Income Category Heterogeneity: `y'") ytitle("Coefficient") xtitle("")
  3.     if !_rc graph export "$OUT/plot_E_income_`y'.png", replace
  4. }
file /Users/vittoriogaravelli/GitHub/GitHub/ERMDA-30464_GP/output/plot_E_income_employed.png saved as PNG format
file /Users/vittoriogaravelli/GitHub/GitHub/ERMDA-30464_GP/output/plot_E_income_wage.png saved as PNG format
file /Users/vittoriogaravelli/GitHub/GitHub/ERMDA-30464_GP/output/plot_E_income_lnwage.png saved as PNG format

. 
. // F — Age heterogeneity by outcome
. foreach y of local outcomes {
  2.     cap coefplot ///
>         (F_`y'_age1, keep(1.treat_quake#1.post_quake) label("≤34")) ///
>         (F_`y'_age2, keep(1.treat_quake#1.post_quake) label("35-55")) ///
>         (F_`y'_age3, keep(1.treat_quake#1.post_quake) label("≥56")), ///
>         vertical xline(0, lp(dash)) ciopts(recast(rcap)) ///
>         title("F — Age Heterogeneity: `y'") ytitle("Coefficient") xtitle("")
  3.     if !_rc graph export "$OUT/plot_F_age_`y'.png", replace
  4. }
file /Users/vittoriogaravelli/GitHub/GitHub/ERMDA-30464_GP/output/plot_F_age_employed.png saved as PNG format
file /Users/vittoriogaravelli/GitHub/GitHub/ERMDA-30464_GP/output/plot_F_age_wage.png saved as PNG format
file /Users/vittoriogaravelli/GitHub/GitHub/ERMDA-30464_GP/output/plot_F_age_lnwage.png saved as PNG format

. 
. // G — Full DDDD: Income × Age grid by outcome
. foreach y of local outcomes {
  2.     local plot_list ""
  3.     forvalues c = 1/3 {
  4.         forvalues a = 1/3 {
  5.             capture confirm variable e(sample) in 1 using G_`y'_inc`c'_age`a'
  6.             if !_rc {
  7.                 local inc_label: label inc3 `c'
  8.                 local age_label: label age_grp `a'
  9.                 local plot_list `"`plot_list' (G_`y'_inc`c'_age`a', keep(1.treat_quake#1.post_quake) label("`inc_label', `age_label'"))"
> '
 10.             }
 11.         }
 12.     }
 13.     
.     cap coefplot `plot_list', ///
>         vertical xline(0, lp(dash)) ciopts(recast(rcap)) ///
>         title("G — Income × Age Heterogeneity: `y'") ytitle("Coefficient") xtitle("") ///
>         xlabel(, angle(45) labsize(vsmall))
 14.     if !_rc graph export "$OUT/plot_G_income_age_`y'.png", replace
 15. }
file /Users/vittoriogaravelli/GitHub/GitHub/ERMDA-30464_GP/output/plot_G_income_age_employed.png saved as PNG format
file /Users/vittoriogaravelli/GitHub/GitHub/ERMDA-30464_GP/output/plot_G_income_age_wage.png saved as PNG format
file /Users/vittoriogaravelli/GitHub/GitHub/ERMDA-30464_GP/output/plot_G_income_age_lnwage.png saved as PNG format

. 
. *============================*
. *   EVENT STUDY (DYNAMIC)    *
. *============================*
. 
. cap program drop _evtstore

. program define _evtstore
  1.     syntax, Filepath(string)
  2.     parmest, norestore
  3.     keep if strpos(parm, "event_") == 1
  4.     
.     gen str10 rel_str = subinstr(parm, "event_", "", 1)
  5.     replace rel_str = subinstr(rel_str, "m", "-", 1)
  6.     gen rel = real(rel_str)
  7.     
.     rename (estimate min95 max95) (beta ci_lo ci_hi)
  8.     keep rel beta ci_lo ci_hi
  9.     sort rel
 10.     
.     export delimited using "`filepath'", replace
 11. end

. 
. foreach y of local outcomes {
  2.     preserve
  3.     keep if inrange(rel_year, -5, 5)
  4.     
.     cap drop event_*
  5.     forval k = -5/5 {
  6.         if `k' != 0 {
  7.             local suffix = cond(`k' < 0, "m" + string(abs(`k')), string(`k'))
  8.             gen byte event_`suffix' = (rel_year == `k' & treat_quake == 1)
  9.         }
 10.     }
 11.     
.     cap confirm variable `y'
 12.     if !_rc {
 13.         qui count if !missing(`y')
 14.         if r(N) > 0 {
 15.             eststo C_`y': reghdfe `y' event_*, `absorb_spec'
 16.             estadd local model "C: Dynamic DiD", replace
 17.             estadd local depvar "`y'", replace
 18.             
.             qui _evtstore, filepath("$OUT/eventstudy_`y'.csv")
 19.             
.             cap coefplot, keep(event_*) vertical yline(0, lp(dash)) ///
>                 ciopts(recast(rcap)) title("Event Study: `y'") ///
>                 ytitle("Effect vs rel_year=0") xtitle("Relative year")
 20.             if !_rc graph export "$OUT/eventstudy_`y'.png", replace
 21.         }
 22.     }
 23.     restore
 24. }
(0 observations deleted)
(MWFE estimator converged in 3 iterations)
note: event_m5 omitted because of collinearity
note: event_m4 omitted because of collinearity
note: event_m3 omitted because of collinearity
note: event_3 omitted because of collinearity
note: event_4 omitted because of collinearity
note: event_5 omitted because of collinearity

HDFE Linear regression                            Number of obs   =     79,644
Absorbing 2 HDFE groups                           F(   4,  16346) =       1.03
Statistics robust to heteroskedasticity           Prob > F        =     0.3899
                                                  R-squared       =     0.0043
                                                  Adj R-squared   =     0.0042
                                                  Within R-sq.    =     0.0001
Number of clusters (id_worker) =     16,347       Root MSE        =     0.3870

                         (Std. err. adjusted for 16,347 clusters in id_worker)
------------------------------------------------------------------------------
             |               Robust
    employed | Coefficient  std. err.      t    P>|t|     [95% conf. interval]
-------------+----------------------------------------------------------------
    event_m5 |          0  (omitted)
    event_m4 |          0  (omitted)
    event_m3 |          0  (omitted)
    event_m2 |   .0145514   .0082297     1.77   0.077    -.0015797    .0306825
    event_m1 |   .0103107   .0068591     1.50   0.133     -.003134    .0237553
     event_1 |   .0000238   .0055949     0.00   0.997    -.0109429    .0109905
     event_2 |   .0045711    .006562     0.70   0.486    -.0082912    .0174334
     event_3 |          0  (omitted)
     event_4 |          0  (omitted)
     event_5 |          0  (omitted)
       _cons |   .8134948   .0026234   310.09   0.000     .8083526     .818637
------------------------------------------------------------------------------

Absorbed degrees of freedom:
-----------------------------------------------------+
 Absorbed FE | Categories  - Redundant  = Num. Coefs |
-------------+---------------------------------------|
        year |         5           0           5     |
  region_res |         2           1           1     |
-----------------------------------------------------+

added macro:
              e(model) : "C: Dynamic DiD"

added macro:
             e(depvar) : "employed"
file /Users/vittoriogaravelli/GitHub/GitHub/ERMDA-30464_GP/output/eventstudy_employed.png saved as PNG format
(0 observations deleted)
(MWFE estimator converged in 3 iterations)
note: event_m5 omitted because of collinearity
note: event_m4 omitted because of collinearity
note: event_m3 omitted because of collinearity
note: event_3 omitted because of collinearity
note: event_4 omitted because of collinearity
note: event_5 omitted because of collinearity

HDFE Linear regression                            Number of obs   =     64,957
Absorbing 2 HDFE groups                           F(   4,  15890) =       1.07
Statistics robust to heteroskedasticity           Prob > F        =     0.3704
                                                  R-squared       =     0.0075
                                                  Adj R-squared   =     0.0073
                                                  Within R-sq.    =     0.0000
Number of clusters (id_worker) =     15,891       Root MSE        = 11498.1951

                         (Std. err. adjusted for 15,891 clusters in id_worker)
------------------------------------------------------------------------------
             |               Robust
        wage | Coefficient  std. err.      t    P>|t|     [95% conf. interval]
-------------+----------------------------------------------------------------
    event_m5 |          0  (omitted)
    event_m4 |          0  (omitted)
    event_m3 |          0  (omitted)
    event_m2 |   38.77113    159.883     0.24   0.808    -274.6177      352.16
    event_m1 |   62.15454     136.45     0.46   0.649    -205.3028    329.6119
     event_1 |   222.3065    129.479     1.72   0.086    -31.48704    476.1001
     event_2 |  -3.177403   153.2477    -0.02   0.983    -303.5602    297.2054
     event_3 |          0  (omitted)
     event_4 |          0  (omitted)
     event_5 |          0  (omitted)
       _cons |    15161.2   93.83258   161.58   0.000     14977.28    15345.12
------------------------------------------------------------------------------

Absorbed degrees of freedom:
-----------------------------------------------------+
 Absorbed FE | Categories  - Redundant  = Num. Coefs |
-------------+---------------------------------------|
        year |         5           0           5     |
  region_res |         2           1           1     |
-----------------------------------------------------+

added macro:
              e(model) : "C: Dynamic DiD"

added macro:
             e(depvar) : "wage"
file /Users/vittoriogaravelli/GitHub/GitHub/ERMDA-30464_GP/output/eventstudy_wage.png saved as PNG format
(0 observations deleted)
(MWFE estimator converged in 3 iterations)
note: event_m5 omitted because of collinearity
note: event_m4 omitted because of collinearity
note: event_m3 omitted because of collinearity
note: event_3 omitted because of collinearity
note: event_4 omitted because of collinearity
note: event_5 omitted because of collinearity

HDFE Linear regression                            Number of obs   =     64,957
Absorbing 2 HDFE groups                           F(   4,  15890) =       2.12
Statistics robust to heteroskedasticity           Prob > F        =     0.0752
                                                  R-squared       =     0.0075
                                                  Adj R-squared   =     0.0074
                                                  Within R-sq.    =     0.0001
Number of clusters (id_worker) =     15,891       Root MSE        =     1.0766

                         (Std. err. adjusted for 15,891 clusters in id_worker)
------------------------------------------------------------------------------
             |               Robust
      lnwage | Coefficient  std. err.      t    P>|t|     [95% conf. interval]
-------------+----------------------------------------------------------------
    event_m5 |          0  (omitted)
    event_m4 |          0  (omitted)
    event_m3 |          0  (omitted)
    event_m2 |  -.0040666   .0233237    -0.17   0.862    -.0497837    .0416505
    event_m1 |   .0169496   .0209574     0.81   0.419    -.0241292    .0580284
     event_1 |   .0190522   .0185016     1.03   0.303     -.017213    .0553174
     event_2 |  -.0334704   .0211517    -1.58   0.114    -.0749301    .0079893
     event_3 |          0  (omitted)
     event_4 |          0  (omitted)
     event_5 |          0  (omitted)
       _cons |   9.272251   .0081763  1134.04   0.000     9.256224    9.288277
------------------------------------------------------------------------------

Absorbed degrees of freedom:
-----------------------------------------------------+
 Absorbed FE | Categories  - Redundant  = Num. Coefs |
-------------+---------------------------------------|
        year |         5           0           5     |
  region_res |         2           1           1     |
-----------------------------------------------------+

added macro:
              e(model) : "C: Dynamic DiD"

added macro:
             e(depvar) : "lnwage"
file /Users/vittoriogaravelli/GitHub/GitHub/ERMDA-30464_GP/output/eventstudy_lnwage.png saved as PNG format

. 
. *============================*
. * ROBUSTNESS CHECKS          *
. *============================*
. 
. foreach y of local outcomes {
  2.     // (R1) Different treatment timing (use 2002 vs 2003)
.     gen byte post_quake_2002 = (year >= 2002)
  3.     eststo R1_`y': reghdfe `y' i.post_quake_2002##i.treat_quake, ///
>         absorb(year region_res) vce(cluster id_worker)
  4.     drop post_quake_2002
  5.     
.     // (R2) Exclude transition year (drop 2002)
.     eststo R2_`y': reghdfe `y' i.post_quake##i.treat_quake if year != 2002, ///
>         absorb(year region_res) vce(cluster id_worker)
  6.     
.     // (R3) Balanced panel only
.     bys id_worker: gen n_obs = _N
  7.     eststo R3_`y': reghdfe `y' i.post_quake##i.treat_quake if n_obs == 5, ///
>         absorb(year region_res) vce(cluster id_worker)
  8.     drop n_obs
  9. }
(MWFE estimator converged in 3 iterations)
note: 1bn.post_quake_2002 is probably collinear with the fixed effects (all partialled-out values are close to zero; tol = 1.0e-09)
note: 1bn.treat_quake is probably collinear with the fixed effects (all partialled-out values are close to zero; tol = 1.0e-09)

HDFE Linear regression                            Number of obs   =     79,644
Absorbing 2 HDFE groups                           F(   1,  16346) =       3.23
Statistics robust to heteroskedasticity           Prob > F        =     0.0723
                                                  R-squared       =     0.0043
                                                  Adj R-squared   =     0.0042
                                                  Within R-sq.    =     0.0000
Number of clusters (id_worker) =     16,347       Root MSE        =     0.3870

                                        (Std. err. adjusted for 16,347 clusters in id_worker)
---------------------------------------------------------------------------------------------
                            |               Robust
                   employed | Coefficient  std. err.      t    P>|t|     [95% conf. interval]
----------------------------+----------------------------------------------------------------
          1.post_quake_2002 |          0  (omitted)
                            |
                treat_quake |
                    Molise  |          0  (omitted)
                            |
post_quake_2002#treat_quake |
                  1#Molise  |  -.0109223   .0060775    -1.80   0.072    -.0228348    .0009903
                            |
                      _cons |   .8178854   .0024956   327.73   0.000     .8129938     .822777
---------------------------------------------------------------------------------------------

Absorbed degrees of freedom:
-----------------------------------------------------+
 Absorbed FE | Categories  - Redundant  = Num. Coefs |
-------------+---------------------------------------|
        year |         5           0           5     |
  region_res |         2           1           1     |
-----------------------------------------------------+
(MWFE estimator converged in 3 iterations)
note: 1bn.post_quake is probably collinear with the fixed effects (all partialled-out values are close to zero; tol = 1.0e-09)
note: 1bn.treat_quake is probably collinear with the fixed effects (all partialled-out values are close to zero; tol = 1.0e-09)

HDFE Linear regression                            Number of obs   =     63,643
Absorbing 2 HDFE groups                           F(   1,  16346) =       2.42
Statistics robust to heteroskedasticity           Prob > F        =     0.1196
                                                  R-squared       =     0.0021
                                                  Adj R-squared   =     0.0020
                                                  Within R-sq.    =     0.0000
Number of clusters (id_worker) =     16,347       Root MSE        =     0.3952

                                   (Std. err. adjusted for 16,347 clusters in id_worker)
----------------------------------------------------------------------------------------
                       |               Robust
              employed | Coefficient  std. err.      t    P>|t|     [95% conf. interval]
-----------------------+----------------------------------------------------------------
          1.post_quake |          0  (omitted)
                       |
           treat_quake |
               Molise  |          0  (omitted)
                       |
post_quake#treat_quake |
             1#Molise  |  -.0101516   .0065225    -1.56   0.120    -.0229365    .0026333
                       |
                 _cons |   .8075265   .0025257   319.72   0.000     .8025758    .8124772
----------------------------------------------------------------------------------------

Absorbed degrees of freedom:
-----------------------------------------------------+
 Absorbed FE | Categories  - Redundant  = Num. Coefs |
-------------+---------------------------------------|
        year |         4           0           4     |
  region_res |         2           1           1     |
-----------------------------------------------------+
(MWFE estimator converged in 2 iterations)
note: 1bn.post_quake is probably collinear with the fixed effects (all partialled-out values are close to zero; tol = 1.0e-09)
note: 1bn.treat_quake is probably collinear with the fixed effects (all partialled-out values are close to zero; tol = 1.0e-09)

HDFE Linear regression                            Number of obs   =     76,945
Absorbing 2 HDFE groups                           F(   1,  15388) =       1.85
Statistics robust to heteroskedasticity           Prob > F        =     0.1738
                                                  R-squared       =     0.0049
                                                  Adj R-squared   =     0.0048
                                                  Within R-sq.    =     0.0000
Number of clusters (id_worker) =     15,389       Root MSE        =     0.3851

                                   (Std. err. adjusted for 15,389 clusters in id_worker)
----------------------------------------------------------------------------------------
                       |               Robust
              employed | Coefficient  std. err.      t    P>|t|     [95% conf. interval]
-----------------------+----------------------------------------------------------------
          1.post_quake |          0  (omitted)
                       |
           treat_quake |
               Molise  |          0  (omitted)
                       |
post_quake#treat_quake |
             1#Molise  |  -.0071922   .0052873    -1.36   0.174    -.0175559    .0031715
                       |
                 _cons |   .8187801   .0023194   353.02   0.000     .8142338    .8233264
----------------------------------------------------------------------------------------

Absorbed degrees of freedom:
-----------------------------------------------------+
 Absorbed FE | Categories  - Redundant  = Num. Coefs |
-------------+---------------------------------------|
        year |         5           0           5     |
  region_res |         2           1           1     |
-----------------------------------------------------+
(MWFE estimator converged in 3 iterations)
note: 1bn.post_quake_2002 is probably collinear with the fixed effects (all partialled-out values are close to zero; tol = 1.0e-09)
note: 1bn.treat_quake is probably collinear with the fixed effects (all partialled-out values are close to zero; tol = 1.0e-09)

HDFE Linear regression                            Number of obs   =     64,957
Absorbing 2 HDFE groups                           F(   1,  15890) =       0.03
Statistics robust to heteroskedasticity           Prob > F        =     0.8527
                                                  R-squared       =     0.0075
                                                  Adj R-squared   =     0.0074
                                                  Within R-sq.    =     0.0000
Number of clusters (id_worker) =     15,891       Root MSE        = 11497.9964

                                        (Std. err. adjusted for 15,891 clusters in id_worker)
---------------------------------------------------------------------------------------------
                            |               Robust
                       wage | Coefficient  std. err.      t    P>|t|     [95% conf. interval]
----------------------------+----------------------------------------------------------------
          1.post_quake_2002 |          0  (omitted)
                            |
                treat_quake |
                    Molise  |          0  (omitted)
                            |
post_quake_2002#treat_quake |
                  1#Molise  |   21.73726   117.1016     0.19   0.853    -207.7951    251.2696
                            |
                      _cons |   15179.19   92.97412   163.26   0.000     14996.95    15361.43
---------------------------------------------------------------------------------------------

Absorbed degrees of freedom:
-----------------------------------------------------+
 Absorbed FE | Categories  - Redundant  = Num. Coefs |
-------------+---------------------------------------|
        year |         5           0           5     |
  region_res |         2           1           1     |
-----------------------------------------------------+
(MWFE estimator converged in 3 iterations)
note: 1bn.post_quake is probably collinear with the fixed effects (all partialled-out values are close to zero; tol = 1.0e-09)
note: 1bn.treat_quake is probably collinear with the fixed effects (all partialled-out values are close to zero; tol = 1.0e-09)

HDFE Linear regression                            Number of obs   =     51,281
Absorbing 2 HDFE groups                           F(   1,  15630) =       0.21
Statistics robust to heteroskedasticity           Prob > F        =     0.6443
                                                  R-squared       =     0.0088
                                                  Adj R-squared   =     0.0088
                                                  Within R-sq.    =     0.0000
Number of clusters (id_worker) =     15,631       Root MSE        = 11495.5093

                                   (Std. err. adjusted for 15,631 clusters in id_worker)
----------------------------------------------------------------------------------------
                       |               Robust
                  wage | Coefficient  std. err.      t    P>|t|     [95% conf. interval]
-----------------------+----------------------------------------------------------------
          1.post_quake |          0  (omitted)
                       |
           treat_quake |
               Molise  |          0  (omitted)
                       |
post_quake#treat_quake |
             1#Molise  |   60.76142   131.5919     0.46   0.644    -197.1739    318.6967
                       |
                 _cons |   15290.67   92.92749   164.54   0.000     15108.52    15472.81
----------------------------------------------------------------------------------------

Absorbed degrees of freedom:
-----------------------------------------------------+
 Absorbed FE | Categories  - Redundant  = Num. Coefs |
-------------+---------------------------------------|
        year |         4           0           4     |
  region_res |         2           1           1     |
-----------------------------------------------------+
(MWFE estimator converged in 3 iterations)
note: 1bn.post_quake is probably collinear with the fixed effects (all partialled-out values are close to zero; tol = 1.0e-09)
note: 1bn.treat_quake is probably collinear with the fixed effects (all partialled-out values are close to zero; tol = 1.0e-09)

HDFE Linear regression                            Number of obs   =     62,923
Absorbing 2 HDFE groups                           F(   1,  15018) =       0.75
Statistics robust to heteroskedasticity           Prob > F        =     0.3855
                                                  R-squared       =     0.0085
                                                  Adj R-squared   =     0.0084
                                                  Within R-sq.    =     0.0000
Number of clusters (id_worker) =     15,019       Root MSE        = 11448.4724

                                   (Std. err. adjusted for 15,019 clusters in id_worker)
----------------------------------------------------------------------------------------
                       |               Robust
                  wage | Coefficient  std. err.      t    P>|t|     [95% conf. interval]
-----------------------+----------------------------------------------------------------
          1.post_quake |          0  (omitted)
                       |
           treat_quake |
               Molise  |          0  (omitted)
                       |
post_quake#treat_quake |
             1#Molise  |   94.67795   109.0949     0.87   0.385    -119.1615    308.5173
                       |
                 _cons |   15258.25    92.4167   165.10   0.000      15077.1     15439.4
----------------------------------------------------------------------------------------

Absorbed degrees of freedom:
-----------------------------------------------------+
 Absorbed FE | Categories  - Redundant  = Num. Coefs |
-------------+---------------------------------------|
        year |         5           0           5     |
  region_res |         2           1           1     |
-----------------------------------------------------+
(MWFE estimator converged in 3 iterations)
note: 1bn.post_quake_2002 is probably collinear with the fixed effects (all partialled-out values are close to zero; tol = 1.0e-09)
note: 1bn.treat_quake is probably collinear with the fixed effects (all partialled-out values are close to zero; tol = 1.0e-09)

HDFE Linear regression                            Number of obs   =     64,957
Absorbing 2 HDFE groups                           F(   1,  15890) =       0.50
Statistics robust to heteroskedasticity           Prob > F        =     0.4780
                                                  R-squared       =     0.0075
                                                  Adj R-squared   =     0.0074
                                                  Within R-sq.    =     0.0000
Number of clusters (id_worker) =     15,891       Root MSE        =     1.0766

                                        (Std. err. adjusted for 15,891 clusters in id_worker)
---------------------------------------------------------------------------------------------
                            |               Robust
                     lnwage | Coefficient  std. err.      t    P>|t|     [95% conf. interval]
----------------------------+----------------------------------------------------------------
          1.post_quake_2002 |          0  (omitted)
                            |
                treat_quake |
                    Molise  |          0  (omitted)
                            |
post_quake_2002#treat_quake |
                  1#Molise  |  -.0111065   .0156525    -0.71   0.478    -.0417871    .0195741
                            |
                      _cons |   9.274629   .0076478  1212.73   0.000     9.259638    9.289619
---------------------------------------------------------------------------------------------

Absorbed degrees of freedom:
-----------------------------------------------------+
 Absorbed FE | Categories  - Redundant  = Num. Coefs |
-------------+---------------------------------------|
        year |         5           0           5     |
  region_res |         2           1           1     |
-----------------------------------------------------+
(MWFE estimator converged in 3 iterations)
note: 1bn.post_quake is probably collinear with the fixed effects (all partialled-out values are close to zero; tol = 1.0e-09)
note: 1bn.treat_quake is probably collinear with the fixed effects (all partialled-out values are close to zero; tol = 1.0e-09)

HDFE Linear regression                            Number of obs   =     51,281
Absorbing 2 HDFE groups                           F(   1,  15630) =       0.64
Statistics robust to heteroskedasticity           Prob > F        =     0.4230
                                                  R-squared       =     0.0088
                                                  Adj R-squared   =     0.0087
                                                  Within R-sq.    =     0.0000
Number of clusters (id_worker) =     15,631       Root MSE        =     1.0691

                                   (Std. err. adjusted for 15,631 clusters in id_worker)
----------------------------------------------------------------------------------------
                       |               Robust
                lnwage | Coefficient  std. err.      t    P>|t|     [95% conf. interval]
-----------------------+----------------------------------------------------------------
          1.post_quake |          0  (omitted)
                       |
           treat_quake |
               Molise  |          0  (omitted)
                       |
post_quake#treat_quake |
             1#Molise  |  -.0134686   .0168086    -0.80   0.423    -.0464154    .0194782
                       |
                 _cons |   9.287956   .0075354  1232.57   0.000     9.273185    9.302726
----------------------------------------------------------------------------------------

Absorbed degrees of freedom:
-----------------------------------------------------+
 Absorbed FE | Categories  - Redundant  = Num. Coefs |
-------------+---------------------------------------|
        year |         4           0           4     |
  region_res |         2           1           1     |
-----------------------------------------------------+
(MWFE estimator converged in 3 iterations)
note: 1bn.post_quake is probably collinear with the fixed effects (all partialled-out values are close to zero; tol = 1.0e-09)
note: 1bn.treat_quake is probably collinear with the fixed effects (all partialled-out values are close to zero; tol = 1.0e-09)

HDFE Linear regression                            Number of obs   =     62,923
Absorbing 2 HDFE groups                           F(   1,  15018) =       0.18
Statistics robust to heteroskedasticity           Prob > F        =     0.6723
                                                  R-squared       =     0.0083
                                                  Adj R-squared   =     0.0082
                                                  Within R-sq.    =     0.0000
Number of clusters (id_worker) =     15,019       Root MSE        =     1.0599

                                   (Std. err. adjusted for 15,019 clusters in id_worker)
----------------------------------------------------------------------------------------
                       |               Robust
                lnwage | Coefficient  std. err.      t    P>|t|     [95% conf. interval]
-----------------------+----------------------------------------------------------------
          1.post_quake |          0  (omitted)
                       |
           treat_quake |
               Molise  |          0  (omitted)
                       |
post_quake#treat_quake |
             1#Molise  |  -.0059476   .0140609    -0.42   0.672    -.0335088    .0216136
                       |
                 _cons |   9.286176   .0071916  1291.25   0.000     9.272079    9.300272
----------------------------------------------------------------------------------------

Absorbed degrees of freedom:
-----------------------------------------------------+
 Absorbed FE | Categories  - Redundant  = Num. Coefs |
-------------+---------------------------------------|
        year |         5           0           5     |
  region_res |         2           1           1     |
-----------------------------------------------------+

. 
. // (R4) Winsorize wages at 1% and 99%
. egen wage_p1 = pctile(wage), p(1)

. egen wage_p99 = pctile(wage), p(99)

. gen wage_wins = wage
(14,687 missing values generated)

. replace wage_wins = wage_p1 if wage < wage_p1 & !missing(wage)
(437 real changes made)

. replace wage_wins = wage_p99 if wage > wage_p99 & !missing(wage)
(648 real changes made)

. eststo R4_wage: reghdfe wage_wins i.post_quake##i.treat_quake, ///
>     absorb(year region_res) vce(cluster id_worker)
(MWFE estimator converged in 3 iterations)
note: 1bn.post_quake is probably collinear with the fixed effects (all partialled-out values are close to zero; tol = 1.0e-09)
note: 1bn.treat_quake is probably collinear with the fixed effects (all partialled-out values are close to zero; tol = 1.0e-09)

HDFE Linear regression                            Number of obs   =     64,957
Absorbing 2 HDFE groups                           F(   1,  15890) =       0.24
Statistics robust to heteroskedasticity           Prob > F        =     0.6258
                                                  R-squared       =     0.0084
                                                  Adj R-squared   =     0.0083
                                                  Within R-sq.    =     0.0000
Number of clusters (id_worker) =     15,891       Root MSE        = 10519.8805

                                   (Std. err. adjusted for 15,891 clusters in id_worker)
----------------------------------------------------------------------------------------
                       |               Robust
             wage_wins | Coefficient  std. err.      t    P>|t|     [95% conf. interval]
-----------------------+----------------------------------------------------------------
          1.post_quake |          0  (omitted)
                       |
           treat_quake |
               Molise  |          0  (omitted)
                       |
post_quake#treat_quake |
             1#Molise  |   52.01131   106.6458     0.49   0.626    -157.0265    261.0491
                       |
                 _cons |   15010.43   82.46882   182.01   0.000     14848.78    15172.08
----------------------------------------------------------------------------------------

Absorbed degrees of freedom:
-----------------------------------------------------+
 Absorbed FE | Categories  - Redundant  = Num. Coefs |
-------------+---------------------------------------|
        year |         5           0           5     |
  region_res |         2           1           1     |
-----------------------------------------------------+

. 
. gen lnwage_wins = ln(wage_wins + 1)
(14,687 missing values generated)

. eststo R4_lnwage: reghdfe lnwage_wins i.post_quake##i.treat_quake, ///
>     absorb(year region_res) vce(cluster id_worker)
(MWFE estimator converged in 3 iterations)
note: 1bn.post_quake is probably collinear with the fixed effects (all partialled-out values are close to zero; tol = 1.0e-09)
note: 1bn.treat_quake is probably collinear with the fixed effects (all partialled-out values are close to zero; tol = 1.0e-09)

HDFE Linear regression                            Number of obs   =     64,957
Absorbing 2 HDFE groups                           F(   1,  15890) =       0.55
Statistics robust to heteroskedasticity           Prob > F        =     0.4600
                                                  R-squared       =     0.0083
                                                  Adj R-squared   =     0.0082
                                                  Within R-sq.    =     0.0000
Number of clusters (id_worker) =     15,891       Root MSE        =     0.9935

                                   (Std. err. adjusted for 15,891 clusters in id_worker)
----------------------------------------------------------------------------------------
                       |               Robust
           lnwage_wins | Coefficient  std. err.      t    P>|t|     [95% conf. interval]
-----------------------+----------------------------------------------------------------
          1.post_quake |          0  (omitted)
                       |
           treat_quake |
               Molise  |          0  (omitted)
                       |
post_quake#treat_quake |
             1#Molise  |  -.0095235   .0128904    -0.74   0.460    -.0347901    .0157432
                       |
                 _cons |   9.284919   .0066955  1386.75   0.000     9.271795    9.298043
----------------------------------------------------------------------------------------

Absorbed degrees of freedom:
-----------------------------------------------------+
 Absorbed FE | Categories  - Redundant  = Num. Coefs |
-------------+---------------------------------------|
        year |         5           0           5     |
  region_res |         2           1           1     |
-----------------------------------------------------+

. 
. // Export robustness table
. esttab R1_* R2_* R3_* R4_* using "$OUT/results_robustness_all.txt", ///
>     replace se r2 ar2 label nonotes b(%9.4f) se(%9.4f) star(* 0.10 ** 0.05 *** 0.01) ///
>     title("Robustness Checks: Employment and Wages")
(file output/results_robustness_all.txt not found)
(output written to output/results_robustness_all.txt)

. 
. *============================*
. *      PLACEBO TESTS         *
. *============================*
. 
. foreach y of local outcomes {
  2.     // (P1) Placebo treatment year (pretend shock was in 2001)
.     gen byte fake_post = (year >= 2001)
  3.     eststo P1_`y': reghdfe `y' i.fake_post##i.treat_quake if year <= 2002, ///
>         absorb(year region_res) vce(cluster id_worker)
  4.     estadd local model "P1: Placebo 2001", replace
  5.     drop fake_post
  6.     
.     // (P2) Randomization test: assign treatment to random workers
.     set seed 12345
  7.     gen random_treat = runiform() > 0.5
  8.     eststo P2_`y': reghdfe `y' i.post_quake##i.random_treat, ///
>         absorb(year region_res) vce(cluster id_worker)
  9.     estadd local model "P2: Random treatment", replace
 10.     drop random_treat
 11. }
(MWFE estimator converged in 3 iterations)
note: 1bn.fake_post is probably collinear with the fixed effects (all partialled-out values are close to zero; tol = 1.0e-09)
note: 1bn.treat_quake is probably collinear with the fixed effects (all partialled-out values are close to zero; tol = 1.0e-09)

HDFE Linear regression                            Number of obs   =     48,237
Absorbing 2 HDFE groups                           F(   1,  16346) =       1.93
Statistics robust to heteroskedasticity           Prob > F        =     0.1647
                                                  R-squared       =     0.0066
                                                  Adj R-squared   =     0.0065
                                                  Within R-sq.    =     0.0000
Number of clusters (id_worker) =     16,347       Root MSE        =     0.3831

                                  (Std. err. adjusted for 16,347 clusters in id_worker)
---------------------------------------------------------------------------------------
                      |               Robust
             employed | Coefficient  std. err.      t    P>|t|     [95% conf. interval]
----------------------+----------------------------------------------------------------
          1.fake_post |          0  (omitted)
                      |
          treat_quake |
              Molise  |          0  (omitted)
                      |
fake_post#treat_quake |
            1#Molise  |  -.0093788   .0067494    -1.39   0.165    -.0226083    .0038508
                      |
                _cons |   .8220742   .0027268   301.48   0.000     .8167293    .8274191
---------------------------------------------------------------------------------------

Absorbed degrees of freedom:
-----------------------------------------------------+
 Absorbed FE | Categories  - Redundant  = Num. Coefs |
-------------+---------------------------------------|
        year |         3           0           3     |
  region_res |         2           1           1     |
-----------------------------------------------------+

added macro:
              e(model) : "P1: Placebo 2001"
(MWFE estimator converged in 2 iterations)
note: 1bn.post_quake is probably collinear with the fixed effects (all partialled-out values are close to zero; tol = 1.0e-09)

HDFE Linear regression                            Number of obs   =     79,644
Absorbing 2 HDFE groups                           F(   2,  16346) =       0.53
Statistics robust to heteroskedasticity           Prob > F        =     0.5894
                                                  R-squared       =     0.0043
                                                  Adj R-squared   =     0.0042
                                                  Within R-sq.    =     0.0000
Number of clusters (id_worker) =     16,347       Root MSE        =     0.3870

                                    (Std. err. adjusted for 16,347 clusters in id_worker)
-----------------------------------------------------------------------------------------
                        |               Robust
               employed | Coefficient  std. err.      t    P>|t|     [95% conf. interval]
------------------------+----------------------------------------------------------------
           1.post_quake |          0  (omitted)
         1.random_treat |  -.0016548   .0035444    -0.47   0.641    -.0086022    .0052925
                        |
post_quake#random_treat |
                   1 1  |  -.0023925   .0056986    -0.42   0.675    -.0135623    .0087773
                        |
                  _cons |   .8168827   .0025482   320.57   0.000      .811888    .8218775
-----------------------------------------------------------------------------------------

Absorbed degrees of freedom:
-----------------------------------------------------+
 Absorbed FE | Categories  - Redundant  = Num. Coefs |
-------------+---------------------------------------|
        year |         5           0           5     |
  region_res |         2           1           1     |
-----------------------------------------------------+

added macro:
              e(model) : "P2: Random treatment"
(MWFE estimator converged in 3 iterations)
note: 1bn.fake_post is probably collinear with the fixed effects (all partialled-out values are close to zero; tol = 1.0e-09)
note: 1bn.treat_quake is probably collinear with the fixed effects (all partialled-out values are close to zero; tol = 1.0e-09)

HDFE Linear regression                            Number of obs   =     39,548
Absorbing 2 HDFE groups                           F(   1,  15770) =       0.00
Statistics robust to heteroskedasticity           Prob > F        =     0.9521
                                                  R-squared       =     0.0010
                                                  Adj R-squared   =     0.0009
                                                  Within R-sq.    =     0.0000
Number of clusters (id_worker) =     15,771       Root MSE        = 11196.5131

                                  (Std. err. adjusted for 15,771 clusters in id_worker)
---------------------------------------------------------------------------------------
                      |               Robust
                 wage | Coefficient  std. err.      t    P>|t|     [95% conf. interval]
----------------------+----------------------------------------------------------------
          1.fake_post |          0  (omitted)
                      |
          treat_quake |
              Molise  |          0  (omitted)
                      |
fake_post#treat_quake |
            1#Molise  |  -8.075765   134.5324    -0.06   0.952    -271.7746     255.623
                      |
                _cons |   14448.99   95.30504   151.61   0.000     14262.18     14635.8
---------------------------------------------------------------------------------------

Absorbed degrees of freedom:
-----------------------------------------------------+
 Absorbed FE | Categories  - Redundant  = Num. Coefs |
-------------+---------------------------------------|
        year |         3           0           3     |
  region_res |         2           1           1     |
-----------------------------------------------------+

added macro:
              e(model) : "P1: Placebo 2001"
(MWFE estimator converged in 3 iterations)
note: 1bn.post_quake is probably collinear with the fixed effects (all partialled-out values are close to zero; tol = 1.0e-09)

HDFE Linear regression                            Number of obs   =     64,957
Absorbing 2 HDFE groups                           F(   2,  15890) =       1.32
Statistics robust to heteroskedasticity           Prob > F        =     0.2658
                                                  R-squared       =     0.0075
                                                  Adj R-squared   =     0.0074
                                                  Within R-sq.    =     0.0000
Number of clusters (id_worker) =     15,891       Root MSE        = 11497.8188

                                    (Std. err. adjusted for 15,891 clusters in id_worker)
-----------------------------------------------------------------------------------------
                        |               Robust
                   wage | Coefficient  std. err.      t    P>|t|     [95% conf. interval]
------------------------+----------------------------------------------------------------
           1.post_quake |          0  (omitted)
         1.random_treat |   29.83295   114.1571     0.26   0.794    -193.9278    253.5937
                        |
post_quake#random_treat |
                   1 1  |   218.0639   187.3261     1.16   0.244    -149.1164    585.2442
                        |
                  _cons |   15126.85   98.88784   152.97   0.000     14933.02    15320.68
-----------------------------------------------------------------------------------------

Absorbed degrees of freedom:
-----------------------------------------------------+
 Absorbed FE | Categories  - Redundant  = Num. Coefs |
-------------+---------------------------------------|
        year |         5           0           5     |
  region_res |         2           1           1     |
-----------------------------------------------------+

added macro:
              e(model) : "P2: Random treatment"
(MWFE estimator converged in 3 iterations)
note: 1bn.fake_post is probably collinear with the fixed effects (all partialled-out values are close to zero; tol = 1.0e-09)
note: 1bn.treat_quake is probably collinear with the fixed effects (all partialled-out values are close to zero; tol = 1.0e-09)

HDFE Linear regression                            Number of obs   =     39,548
Absorbing 2 HDFE groups                           F(   1,  15770) =       0.38
Statistics robust to heteroskedasticity           Prob > F        =     0.5369
                                                  R-squared       =     0.0006
                                                  Adj R-squared   =     0.0005
                                                  Within R-sq.    =     0.0000
Number of clusters (id_worker) =     15,771       Root MSE        =     1.1186

                                  (Std. err. adjusted for 15,771 clusters in id_worker)
---------------------------------------------------------------------------------------
                      |               Robust
               lnwage | Coefficient  std. err.      t    P>|t|     [95% conf. interval]
----------------------+----------------------------------------------------------------
          1.fake_post |          0  (omitted)
                      |
          treat_quake |
              Molise  |          0  (omitted)
                      |
fake_post#treat_quake |
            1#Molise  |   .0124372   .0201409     0.62   0.537    -.0270413    .0519157
                      |
                _cons |   9.197863   .0091116  1009.46   0.000     9.180003    9.215723
---------------------------------------------------------------------------------------

Absorbed degrees of freedom:
-----------------------------------------------------+
 Absorbed FE | Categories  - Redundant  = Num. Coefs |
-------------+---------------------------------------|
        year |         3           0           3     |
  region_res |         2           1           1     |
-----------------------------------------------------+

added macro:
              e(model) : "P1: Placebo 2001"
(MWFE estimator converged in 3 iterations)
note: 1bn.post_quake is probably collinear with the fixed effects (all partialled-out values are close to zero; tol = 1.0e-09)

HDFE Linear regression                            Number of obs   =     64,957
Absorbing 2 HDFE groups                           F(   2,  15890) =       0.89
Statistics robust to heteroskedasticity           Prob > F        =     0.4123
                                                  R-squared       =     0.0075
                                                  Adj R-squared   =     0.0074
                                                  Within R-sq.    =     0.0000
Number of clusters (id_worker) =     15,891       Root MSE        =     1.0766

                                    (Std. err. adjusted for 15,891 clusters in id_worker)
-----------------------------------------------------------------------------------------
                        |               Robust
                 lnwage | Coefficient  std. err.      t    P>|t|     [95% conf. interval]
------------------------+----------------------------------------------------------------
           1.post_quake |          0  (omitted)
         1.random_treat |  -.0093055   .0113113    -0.82   0.411     -.031477     .012866
                        |
post_quake#random_treat |
                   1 1  |   .0225514   .0169795     1.33   0.184    -.0107303    .0558331
                        |
                  _cons |   9.272536   .0079266  1169.81   0.000     9.256999    9.288073
-----------------------------------------------------------------------------------------

Absorbed degrees of freedom:
-----------------------------------------------------+
 Absorbed FE | Categories  - Redundant  = Num. Coefs |
-------------+---------------------------------------|
        year |         5           0           5     |
  region_res |         2           1           1     |
-----------------------------------------------------+

added macro:
              e(model) : "P2: Random treatment"

. 
. // Export placebo results
. cap erase "$OUT/results_placebo_all.txt"

. esttab P1_* P2_* using "$OUT/results_placebo_all.txt", ///
>     replace se r2 ar2 label nonotes b(%9.4f) se(%9.4f) star(* 0.10 ** 0.05 *** 0.01) ///
>     title("Placebo Tests: Employment and Wages")
(file output/results_placebo_all.txt not found)
(output written to output/results_placebo_all.txt)

. 
. *============================*
. *      EXPORT RESULTS        *
. *============================*
. local star_spec star(* 0.10 ** 0.05 *** 0.01)

. local table_opts replace se r2 ar2 label nonotes b(%9.4f) se(%9.4f) `star_spec'

. 
. esttab A_* using "$OUT/results_A_main_all_outcomes.txt", ///
>     `table_opts' title("A — Main DiD: Employment, Wage, and Log Wage")
(file output/results_A_main_all_outcomes.txt not found)
(output written to output/results_A_main_all_outcomes.txt)

. 
. esttab B1_* using "$OUT/results_B1_type_employment.txt", ///
>     `table_opts' title("B1 — Type-Specific Employment Probabilities")
(file output/results_B1_type_employment.txt not found)
(output written to output/results_B1_type_employment.txt)

. 
. esttab B2_employed_* B2_wage_* B2_lnwage_* using "$OUT/results_B2_within_type.txt", ///
>     `table_opts' title("B2 — Within Employment Type Effects")
(file output/results_B2_within_type.txt not found)
(output written to output/results_B2_within_type.txt)

. 
. foreach y of local outcomes {
  2.     esttab D_`y'_* using "$OUT/results_D_baseline_`y'.txt", ///
>         `table_opts' title("D — Baseline Income Heterogeneity: `y'")
  3.     
.     esttab E_`y'_* using "$OUT/results_E_income_`y'.txt", ///
>         `table_opts' title("E — Income Category Heterogeneity: `y'")
  4.     
.     esttab F_`y'_* using "$OUT/results_F_age_`y'.txt", ///
>         `table_opts' title("F — Age Heterogeneity: `y'")
  5.     
.     esttab G_`y'_* using "$OUT/results_G_DDDD_`y'.txt", ///
>         `table_opts' title("G — Full DDDD (Income × Age): `y'")
  6. }
(file output/results_D_baseline_employed.txt not found)
(output written to output/results_D_baseline_employed.txt)
(file output/results_E_income_employed.txt not found)
(output written to output/results_E_income_employed.txt)
(file output/results_F_age_employed.txt not found)
(output written to output/results_F_age_employed.txt)
(file output/results_G_DDDD_employed.txt not found)
(output written to output/results_G_DDDD_employed.txt)
(file output/results_D_baseline_wage.txt not found)
(output written to output/results_D_baseline_wage.txt)
(file output/results_E_income_wage.txt not found)
(output written to output/results_E_income_wage.txt)
(file output/results_F_age_wage.txt not found)
(output written to output/results_F_age_wage.txt)
(file output/results_G_DDDD_wage.txt not found)
(output written to output/results_G_DDDD_wage.txt)
(file output/results_D_baseline_lnwage.txt not found)
(output written to output/results_D_baseline_lnwage.txt)
(file output/results_E_income_lnwage.txt not found)
(output written to output/results_E_income_lnwage.txt)
(file output/results_F_age_lnwage.txt not found)
(output written to output/results_F_age_lnwage.txt)
(file output/results_G_DDDD_lnwage.txt not found)
(output written to output/results_G_DDDD_lnwage.txt)

. 
. esttab A_* B1_* B2_* C_* D_* E_* F_* G_* using "$OUT/results_ALL_comprehensive.txt", ///
>     `table_opts' nogap nogaps ///
>     title("Comprehensive Analysis: Employment and Wages")
(file output/results_ALL_comprehensive.txt not found)
(output written to output/results_ALL_comprehensive.txt)

. 
. *============================*
. *   SUMMARY STATISTICS       *
. *============================*
. 
. // Create summary table by treatment group and period
. preserve

. gen period = "Pre" if post_quake == 0
(31,407 missing values generated)

. replace period = "Post" if post_quake == 1
variable period was str3 now str4
(31,407 real changes made)

. 
. collapse (mean) employed wage lnwage y_private y_public y_self ///
>          (sd) sd_wage=wage sd_lnwage=lnwage (count) N=employed, ///
>          by(treat_quake period)

. 
. export delimited using "$OUT/summary_by_treatment_period.csv", replace
(file output/summary_by_treatment_period.csv not found)
file output/summary_by_treatment_period.csv saved

. restore

. 
. // Summary by baseline income
. preserve

. collapse (mean) employed wage lnwage y_private y_public y_self ///
>          (sd) sd_wage=wage (count) N=employed, ///
>          by(treat_quake post_quake base_inc)

.          
. export delimited using "$OUT/summary_by_income.csv", replace
(file output/summary_by_income.csv not found)
file output/summary_by_income.csv saved

. restore

. 
. // Summary by age group
. preserve

. collapse (mean) employed wage lnwage y_private y_public y_self ///
>          (sd) sd_wage=wage (count) N=employed, ///
>          by(treat_quake post_quake age_group)

.          
. export delimited using "$OUT/summary_by_age.csv", replace
(file output/summary_by_age.csv not found)
file output/summary_by_age.csv saved

. restore

. 
. log close _all
      name:  <unnamed>
       log:  /Users/vittoriogaravelli/GitHub/GitHub/ERMDA-30464_GP/output/empirical_final.log
  log type:  text
 closed on:  25 Nov 2025, 19:56:01
---------------------------------------------------------------------------------------------------------------------------------------------
