beta,ci_lo,ci_hi,rel
-23.38340746851776,-299.7020775821994,252.9352626451639,-2
-62.15454130388463,-329.6119169743047,205.3028343665355,0
160.1519810556466,-126.3228671427145,446.6268292540078,1
-65.33194403853746,-388.2045169892965,257.5406289122216,2
