beta,ci_lo,ci_hi,rel
-122.8517558006952,-456.7216917068507,211.0181801054602,-4
-348.6463806089155,-678.0711865972196,-19.22157462061148,-3
-23.38340746891365,-299.7029481081765,252.9361331703493,-2
-62.15454130436338,-329.6127595833584,205.3036769746317,0
160.1519810552655,-126.3237696650732,446.6277317756042,1
-65.33194403886789,-388.2055341804992,257.5416461027634,2
-885.7580057493269,-1248.222540296225,-523.2934712024289,3
-163.4291616556574,-539.0046799132099,212.1463566018952,4
