beta,ci_lo,ci_hi,rel
-348.6463806087296,-678.0742256486792,-19.21853556878,-3
-23.38340746826643,-299.7054972457356,252.9386823092028,-2
-50.74238193744296,-304.6891396017885,203.2043757269026,0
207.875323381314,-77.36462201899377,493.1152687816219,1
6.737910721324975,-318.6153431512315,332.0911645938814,2
-883.0309525952079,-1248.689112466865,-517.3727927235503,3
-194.8018301472862,-574.8606777593155,185.2570174647431,4
